"ID","LOGO_REQUEST_ID","COMMENT_ID","DATE_UPLOADED","FILENAME","EXTENSION"
1,1,1,2009-02-06 00:01:07,"GlobalCompact_Site.jpg","jpg"
2,2,2,2009-02-06 01:38:17,"GC.pdf","pdf"
3,3,3,2009-02-06 01:40:39,"wesupport.mht","mht"
4,4,5,2009-02-06 03:35:38,"Metso_SR2007_eng.pdf","pdf"
5,5,6,2009-02-06 06:18:14,"web site screenshot.bmp","bmp"
6,6,7,2009-02-06 07:41:21,"CR Report.jpg","jpg"
7,7,8,2009-02-06 08:57:20,"Global Compact_logo autorization.docx","docx"
8,8,16,2009-02-07 02:54:12,"website with Global Compact.jpg","jpg"
9,9,17,2009-02-07 09:28:23,"01.jpg","jpg"
10,10,18,2009-02-09 15:17:32,"Lincoln Crowne Foundation Release 030209.pdf","pdf"
11,11,19,2009-02-09 15:52:34,"LCC Corporate Responsibility Slide.pdf","pdf"
12,12,25,2009-02-09 22:09:39,"UNGC Letter.doc","doc"
13,13,26,2009-02-10 04:31:08,"business card with UNGC logo.jpg","jpg"
14,14,27,2009-02-10 06:26:45,"Sample.doc","doc"
15,15,33,2009-02-11 05:34:19,"Cool House brochure with Global Compact logo.jpg","jpg"
16,16,36,2009-02-11 22:27:45,"Cool House exhibition with Global Compact we suppo","jpg"
17,17,37,2009-02-11 22:50:22,"Cool House broadcast with Global Compact we suppor","jpg"
18,18,38,2009-02-12 07:03:37,"Ä°ndeksLogo.JPG","jpg"
19,19,39,2009-02-12 09:34:02,"tete de lettre label Global compact.pdf","pdf"
20,20,40,2009-02-12 09:36:07,"carte de visite label Global compact.pdf","pdf"
21,21,41,2009-02-12 09:37:38,"facture ICE label Global Compact.pdf","pdf"
22,22,48,2009-02-15 19:13:19,"à¸«à¸±à¸§à¸à¸£à¸°à¸”à¸²à¸© Cool House + Global Co","pdf"
23,23,49,2009-02-17 04:13:34,"SupportUNGC logo.jpg","jpg"
24,24,50,2009-02-17 12:08:59,"Graph.doc","doc"
25,25,55,2009-02-18 09:27:20,"Sample_Bostadsbolaget.pdf","pdf"
26,26,57,2009-02-18 13:55:25,"faq_treviso_final_capa.jpg","jpg"
27,27,58,2009-02-18 13:59:53,"sol_treviso_capa.jpg","jpg"
28,28,59,2009-02-19 06:31:12,"pacto_global.jpg","jpg"
29,29,63,2009-02-23 08:40:12,"Corporate social responsibility.doc","doc"
30,29,63,2009-02-23 08:40:12,"Prosafe-Annual report 2007.pdf","pdf"
31,30,65,2009-02-23 17:41:37,"USO LOGO GLOBAL COMPACT BALANCE 2008.pdf","pdf"
32,31,66,2009-02-24 08:25:45,"hakkimizda.jpg","jpg"
33,31,66,2009-02-24 08:25:45,"anasayfa.jpg","jpg"
34,32,67,2009-02-24 11:56:21,"SAGA_Group_page10-11.pdf","pdf"
35,33,71,2009-02-26 05:54:33,"UNGC logo on Semco web.jpg","jpg"
36,34,72,2009-02-26 06:35:10,"website_with_logos_eng.pdf","pdf"
37,35,73,2009-02-26 06:38:58,"Letter_HNCSR_logos.pdf","pdf"
38,23,77,2009-02-26 21:03:27,"IBREA-Web_site.jpg","jpg"
39,36,79,2009-02-28 00:47:13,"Notams 102 Septiembre 2008.pdf","pdf"
40,37,80,2009-03-02 03:53:01,"Sample_DZBANK.pdf","pdf"
41,38,81,2009-03-02 05:05:46,"PourLogoGlobalCompact.pdf","pdf"
42,39,82,2009-03-02 07:25:28,"GC LOGO ALIARSE.doc","doc"
43,40,87,2009-03-02 13:27:03,"Notams 102 Septiembre 2008.pdf","pdf"
44,41,89,2009-03-03 05:04:12,"SKILT (UK).pdf","pdf"
45,41,89,2009-03-03 05:04:12,"Én Gry & Sif - Spring 09 Catalogue.pdf","pdf"
46,41,89,2009-03-03 05:04:12,"Website.doc","doc"
47,42,91,2009-03-03 17:26:11,"Nueva imagen.JPG","jpg"
48,43,92,2009-03-04 03:58:47,"ä¼ä¸šç¤¾ä¼šè´£ä»»-å°é¢0216.jpg","jpg"
49,44,93,2009-03-04 05:08:38,"ICA_ÅR08_CR report GC logo example.pdf","pdf"
50,45,94,2009-03-04 07:18:00,"Web_controldemeter.pdf","pdf"
51,45,94,2009-03-04 07:18:00,"Carpeta_controldemeter.pdf","pdf"
52,46,95,2009-03-04 10:03:09,"Transcom_AR08_Proof1a.pdf","pdf"
53,47,97,2009-03-04 11:30:11,"Global compact conf de presse.ppt","ppt"
54,48,98,2009-03-05 03:38:17,"Charte Engagement Developpement Durable.doc","doc"
55,49,99,2009-03-05 03:43:11,"Genesis logo PMNU.doc","doc"
56,50,100,2009-03-05 04:23:13,"action=central_contenido.pdf","pdf"
57,51,101,2009-03-05 06:39:45,"UNGC_website_concept.pdf","pdf"
58,52,102,2009-03-05 06:51:00,"Hilti_Logo request.ppt","ppt"
59,53,103,2009-03-05 08:58:25,"Intranet.doc","doc"
60,54,104,2009-03-05 10:59:09,"Uniliver.pdf","pdf"
61,55,107,2009-03-05 13:00:39,"Asiak1.doc","doc"
62,56,108,2009-03-05 14:58:07,"mockup-shot.jpg","jpg"
63,57,109,2009-03-06 02:11:41,"PLASKE BLANK-UP.jpg","jpg"
64,58,110,2009-03-06 02:30:28,"PLASKE-webpage.jpg","jpg"
65,59,111,2009-03-06 02:47:30,"global compact logo 5Mar09.jpg","jpg"
66,60,112,2009-03-06 06:15:06,"TABLA GRI 05-03-09 (a plantar).doc","doc"
67,61,113,2009-03-06 07:44:11,"Pages from DRAFT1_Vaisala_Corporate_Responsibility","pdf"
68,62,114,2009-03-06 09:40:10,"un_global compact.jpg","jpg"
69,63,115,2009-03-06 09:42:04,"UNGC logo positioning.doc","doc"
70,64,116,2009-03-06 10:29:51,"Sostenibilita08_2bz_pag11.pdf","pdf"
71,65,117,2009-03-07 05:01:41,"China Datang.doc","doc"
72,66,118,2009-03-07 23:52:34,"responsibilty page.xls","xls"
73,67,119,2009-03-08 12:46:11,"sample.bmp","bmp"
74,68,120,2009-03-09 03:49:55,"The-Global-Compact-spread.jpg","jpg"
75,69,121,2009-03-09 04:24:25,"www.ito.org.tr.doc","doc"
76,70,122,2009-03-09 07:29:03,"logo xeracon.pdf","pdf"
77,71,123,2009-03-09 09:17:35,"Sample Schneider Electric Document.pdf","pdf"
78,72,153,2009-03-10 06:43:58,"Hilti_Environment_Brochure.doc","doc"
79,73,154,2009-03-10 10:08:18,"CONVITE GLOBAL.doc","doc"
80,74,157,2009-03-10 13:01:18,"mission_ep_screen grab.png","png"
81,75,159,2009-03-11 05:31:34,"maqueta_global compact.jpg","jpg"
82,76,160,2009-03-11 06:53:14,"Rapport DD_Doc Ref.doc","doc"
83,77,161,2009-03-11 06:56:24,"CoP_08_ Sopra Group.pdf","pdf"
84,78,162,2009-03-11 07:03:03,"Guide to ecological gestures.pdf","pdf"
85,79,163,2009-03-11 07:20:33,"Charte Développement Durable.pdf","pdf"
86,80,164,2009-03-11 11:03:36,"Red Electrica.pdf","pdf"
87,81,170,2009-03-11 13:20:32,"Camina social.pdf","pdf"
88,82,173,2009-03-12 03:50:58,"Sample UN GC logo annual repport.docx","docx"
89,83,174,2009-03-12 04:09:53,"site.bmp","bmp"
90,84,175,2009-03-12 05:07:38,"Fundación Rafael del Pino.pdf","pdf"
91,85,176,2009-03-12 06:56:35,"GC_Draft.pdf","pdf"
92,86,177,2009-03-12 07:00:53,"GC_Draft.pdf","pdf"
93,87,178,2009-03-12 09:25:40,"GC_logo_site_sample.ppt","ppt"
94,88,179,2009-03-12 09:36:47,"Copagaz_sust_report_GC_logo_sample.ppt","ppt"
95,89,186,2009-03-12 16:48:40,"Nordea_CSR 2008_Global Compact.pdf","pdf"
96,90,188,2009-03-13 03:22:19,"ungc.PDF","pdf"
97,91,189,2009-03-13 05:11:09,"Reconocimientos 2008_Pacto Mundial.doc","doc"
98,92,190,2009-03-13 05:16:20,"Enagás Website.doc","doc"
99,93,195,2009-03-13 11:28:25,"Donati_for_Global_Compact.pdf","pdf"
100,94,197,2009-03-15 21:27:11,"ungc.PDF","pdf"
101,95,198,2009-03-16 04:14:01,"EN_Logo 2007_fond clair.jpg","jpg"
102,96,199,2009-03-16 06:10:36,"nilufer_website.jpg","jpg"
103,97,200,2009-03-16 10:52:01,"Global Compact.docx","docx"
104,98,201,2009-03-16 17:17:40,"page76.pdf","pdf"
105,99,202,2009-03-17 04:57:35,"xeracon.jpg","jpg"
106,100,209,2009-03-17 12:28:30,"CSRreport_KPMGMexico.pdf","pdf"
107,101,210,2009-03-17 12:40:56,"P",""
108,102,211,2009-03-17 12:42:56,"P",""
109,103,212,2009-03-17 12:48:37,"P",""
110,104,213,2009-03-17 12:50:16,"Comunicado Mail.pdf","pdf"
111,101,214,2009-03-17 12:54:13,"Contraportada invitaviones.pdf","pdf"
112,102,216,2009-03-17 12:59:32,"Contraportada folletos.pdf","pdf"
113,103,217,2009-03-17 13:03:32,"HojaMem.pdf","pdf"
114,105,218,2009-03-17 13:05:44,"sodercan.pdf","pdf"
115,106,220,2009-03-17 13:22:29,"Contraportada CD.pdf","pdf"
116,107,221,2009-03-17 13:24:27,"ComunicadoPrensa.pdf","pdf"
117,108,222,2009-03-17 13:28:51,"Contraportada pta.pdf","pdf"
118,109,223,2009-03-17 13:30:15,"Última pág.pdf","pdf"
119,109,224,2009-03-17 13:30:56,"Última pág.pdf","pdf"
120,110,225,2009-03-17 16:38:59,"FEMSA_forros_RS.pdf","pdf"
121,95,226,2009-03-18 05:18:19,"Rapport de développement durable Lippi 2009.pdf","pdf"
122,111,227,2009-03-18 05:24:33,"CSR DC EN FA .pdf","pdf"
123,112,228,2009-03-18 07:00:20,"FAC SIMILE WEB SITE CON LOGO GC.doc","doc"
124,113,229,2009-03-18 07:08:15,"Facsimile Bilancio Sociale.doc","doc"
125,114,230,2009-03-18 08:13:01,"doc18032009141204.pdf","pdf"
126,115,231,2009-03-18 08:26:56,"Konecta.pdf","pdf"
127,116,232,2009-03-18 09:23:54,"TII_website.jpg","jpg"
128,117,250,2009-03-18 22:05:18,"logo.jpg","jpg"
129,118,251,2009-03-19 06:23:58,"old logo.doc","doc"
130,119,252,2009-03-19 06:27:17,"Memberships.doc","doc"
131,120,253,2009-03-19 08:48:23,"Cover page with UNCG logo.doc","doc"
132,121,254,2009-03-19 10:13:58,"PolitiqueGroupe2009-UKv.pdf","pdf"
133,121,254,2009-03-19 10:13:58,"Charte Responsabilite Globale 2009 UKv.pdf","pdf"
134,122,261,2009-03-20 08:36:22,"Green Book 2009-2009 Benelux.pdf","pdf"
135,123,262,2009-03-23 09:43:10,"Nexans_Ethics_Business_conduct_code_20-03-09.pdf","pdf"
136,124,263,2009-03-23 09:48:04,"Nexans Rapport Annuel 08.doc","doc"
137,125,264,2009-03-23 09:51:01,"Nexans NEWS PRESS RELEASE.doc","doc"
138,126,265,2009-03-23 09:56:23,"Nexans Corporate presentation - logo.ppt","ppt"
139,127,266,2009-03-24 04:45:52,"GCãƒ­ã‚´ä½¿ç”¨ç”³è«‹æ›¸_ver6ã€€ã‚¿ãƒ ãƒ­ãƒ³ 200903","doc"
140,128,267,2009-03-24 06:18:51,"GC_web_draft.pdf","pdf"
141,129,268,2009-03-24 06:25:54,"Comunicação de progresso - Coelba.pdf","pdf"
142,130,269,2009-03-24 06:37:42,"Steria_CR_eng_web.pdf","pdf"
143,131,270,2009-03-24 08:42:01,"Invensys Sustainability Report Logo.pdf","pdf"
144,132,271,2009-03-24 09:47:28,"letterhead_01.JPG","jpg"
145,133,272,2009-03-24 10:02:59,"UN_GRI_TCN_6.docx","docx"
146,134,286,2009-03-24 12:05:59,"CSCC Annual Report 2007.pdf","pdf"
147,133,288,2009-03-24 12:47:06,"UN_GRI_TCN_8.docx","docx"
148,135,291,2009-03-24 13:35:02,"bancaja.pdf","pdf"
149,136,294,2009-03-25 08:18:49,"Boticário COP 2007 Inglês.doc","doc"
150,137,295,2009-03-25 11:01:31,"NB2008_web_de.pdf","pdf"
151,138,296,2009-03-25 11:10:30,"Global Compact.ppt","ppt"
152,139,297,2009-03-25 13:16:25,"TABLA GRI 05-03-09 (a plantar).doc","doc"
153,140,298,2009-03-25 15:50:02,"Comunicação de Progresso  COSERN.pdf","pdf"
154,141,299,2009-03-26 00:48:28,"NameCard01.jpg","jpg"
155,142,300,2009-03-26 00:51:01,"website.jpg","jpg"
156,143,301,2009-03-26 03:30:28,"request for GC logo usage (DTEK).msg","msg"
157,144,302,2009-03-26 04:19:27,"Plaquette Institutionnelle Naturex.pdf","pdf"
158,145,303,2009-03-26 04:44:05,"surrogateUNGClogo.pdf","pdf"
159,146,304,2009-03-26 05:20:53,"2007 Sustainability Report.doc","doc"
160,147,305,2009-03-26 06:14:18,"EXEMPLE.pdf","pdf"
161,148,306,2009-03-26 06:32:40,"Mapfre.pdf","pdf"
162,149,307,2009-03-26 06:37:31,"UN Global Compact logo on UBS website.bmp","bmp"
163,150,308,2009-03-26 12:45:18,"IRS 2008-Final.doc","doc"
164,151,309,2009-03-26 14:52:56,"presentacionINGENDESA.pdf","pdf"
165,152,310,2009-03-27 09:27:35,"Logo.jpg","jpg"
166,153,311,2009-03-27 12:10:56,"RSE_GENELEC.pdf","pdf"
167,154,312,2009-03-30 05:00:02,"UNGC LOGO USE 1.jpg","jpg"
168,155,313,2009-03-30 05:59:44,"screen1.jpg","jpg"
169,156,314,2009-03-30 06:03:19,"screen2.jpg","jpg"
170,157,315,2009-03-30 06:07:59,"RA_vivendi_Pacte mondial.pdf","pdf"
171,157,315,2009-03-30 06:07:59,"RADD_vivendi_extract_sensibilisationPM.pdf","pdf"
172,158,317,2009-03-30 11:23:10,"ra_communicationprogres.pdf","pdf"
173,159,340,2009-03-30 20:55:11,"nikonCSR09_P17_0330.pdf","pdf"
174,160,341,2009-03-31 05:17:30,"THI-AG_UNGC-Logo-DRAFT_Annual-Report.pdf","pdf"
175,161,342,2009-03-31 05:20:48,"THI-AG_UNGC-Logo-DRAFT_homepage.pdf","pdf"
176,162,347,2009-04-01 04:48:25,"Snapshot-logo-placement.png","png"
177,163,348,2009-04-01 07:22:02,"catalogue page - sample.pdf","pdf"
178,164,349,2009-04-01 08:42:11,"COP Celpe Pacto Global.pdf","pdf"
179,165,351,2009-04-01 10:19:23,"Hangtag 01.04.09.pdf","pdf"
180,166,357,2009-04-02 03:22:55,"DNV section 3 (10) commitment1 (3).pdf","pdf"
181,167,358,2009-04-02 03:28:06,"CR08_ Internet_Vorwort_090331_final.doc","doc"
182,167,358,2009-04-02 03:28:06,"CR08_Management Global Compact_0900401.doc","doc"
183,167,358,2009-04-02 03:28:06,"CR08_Sitemap_ENG_090322.xls","xls"
184,168,359,2009-04-02 03:30:10,"Î•Î¤Î‘Î™Î¡Î™ÎšÎ— Î¥Î Î•Î¥Î˜Î¥ÎÎŸÎ¤Î—Î¤Î‘  Î•Î¥Î”Î","doc"
185,169,360,2009-04-02 03:41:58,"LNA page Global compact.jpg","jpg"
186,170,361,2009-04-02 03:44:17,"global_compa.pdf","pdf"
187,170,361,2009-04-02 03:44:17,"index_tmp.pdf","pdf"
188,171,362,2009-04-02 06:25:18,"Rapport dÃ©veloppement durable 2008 sample.doc","doc"
189,172,363,2009-04-02 08:01:12,"00 SANTANDER_MEDIOAMBIENTE.PDF","pdf"
190,172,363,2009-04-02 08:01:12,"00 SANTANDER_PROVEEDORES.PDF","pdf"
191,173,364,2009-04-02 08:32:57,"UN Global Compact - screen shot (preview).pdf","pdf"
192,174,373,2009-04-02 11:43:55,"Sample.pdf","pdf"
193,175,375,2009-04-03 00:29:25,"COP NEOENERGIA.pdf","pdf"
194,176,376,2009-04-03 06:40:08,"Global Compact page.doc","doc"
195,176,376,2009-04-03 06:40:08,"Global Compact press release.doc","doc"
196,177,377,2009-04-03 06:44:15,"Outokumpu corporate responsibility 2009.ppt","ppt"
197,178,381,2009-04-03 10:55:14,"20453_LIVRET_ACCUEIL_1208_sans.pdf","pdf"
198,179,383,2009-04-03 13:00:13,"report.jpg","jpg"
199,180,384,2009-04-03 14:12:21,"ABA Home.JPG","jpg"
200,181,385,2009-04-06 02:45:13,"BLOC STYB ECO 4.pdf","pdf"
201,182,386,2009-04-06 04:28:13,"UNGC section in Sustainability Report.doc","doc"
202,183,387,2009-04-06 05:29:54,"Submission to GC-logo.doc","doc"
203,184,388,2009-04-06 10:07:44,"Banca Monte dei Paschi - Csr report 2008_draft - p","doc"
204,185,395,2009-04-06 18:16:57,"COP NC ENERGIA.pdf","pdf"
205,186,396,2009-04-06 19:17:15,"COP TERMOPE.pdf","pdf"
206,187,399,2009-04-07 01:49:29,"HitachiCSRRepoet.pdf","pdf"
207,188,400,2009-04-07 02:30:12,"logoGC_català.jpg","jpg"
208,188,400,2009-04-07 02:30:12,"logoCC_esp.jpg","jpg"
209,188,400,2009-04-07 02:30:12,"logoGC_english.jpg","jpg"
210,189,401,2009-04-07 06:00:15,"Web Image.doc","doc"
211,189,401,2009-04-07 06:00:15,"web Image 2.doc","doc"
212,190,405,2009-04-07 09:12:41,"Clipboard01.jpg","jpg"
213,191,407,2009-04-07 17:30:59,"UN Global Compact Paragraph.doc","doc"
214,154,408,2009-04-08 02:01:50,"UNGC LOGO USE 2.jpg","jpg"
215,192,409,2009-04-08 04:38:13,"DRAFT Recognition and Membership.pdf","pdf"
216,193,413,2009-04-08 12:43:12,"MEP Warsaw Initiative Sources Sought Response 0406","pdf"
217,194,414,2009-04-08 12:44:11,"MEP Proposal.pdf","pdf"
218,195,415,2009-04-09 03:49:26,"Policy on Social Responsibility.doc","doc"
219,195,415,2009-04-09 03:49:26,"Logo Banner on CSR website .ppt","ppt"
220,195,415,2009-04-09 03:49:26,"CSR Topics GC.doc","doc"
221,196,416,2009-04-09 04:11:57,"Snapshot-logo-placement.png","png"
222,197,417,2009-04-09 07:12:39,"Pages de RDD_SUEZ_FR-Pacte Mondial.pdf","pdf"
223,198,418,2009-04-09 09:59:23,"FOLDER 2.pdf","pdf"
224,199,419,2009-04-09 10:44:30,"Logo Request_Global PwC CR site April09.doc","doc"
225,200,420,2009-04-09 19:55:51,"COP ITAPEBI.pdf","pdf"
226,201,429,2009-04-10 10:32:35,"Page3.pdf","pdf"
227,202,430,2009-04-13 06:08:50,"xeracon.jpg","jpg"
228,203,431,2009-04-13 09:40:23,"pacto_global_logo_we_support.jpg","jpg"
229,204,432,2009-04-13 10:41:17,"global_compact_logo_request.jpg","jpg"
230,205,433,2009-04-13 14:33:50,"Síntesis - Propuesta-AXA.jpg","jpg"
231,206,434,2009-04-13 19:38:57,"CSR-all2008.pdf","pdf"
232,207,435,2009-04-14 10:06:14,"Manuplast - Accueil.pdf","pdf"
233,208,442,2009-04-15 05:53:30,"EPK Letterhead..doc","doc"
234,209,443,2009-04-15 10:11:29,"DOC REFERENCE.pdf","pdf"
235,210,447,2009-04-15 17:57:39,"Anexo 2  Pacto Mundial.doc","doc"
236,211,449,2009-04-16 09:40:52,"GC_logo_sample.JPG","jpg"
237,211,449,2009-04-16 09:40:52,"GC_logo_sample_2.JPG","jpg"
238,212,450,2009-04-16 10:30:05,"Brochure CafÃ©1.pdf","pdf"
239,213,451,2009-04-16 10:35:26,"Mallyance plaquette.docx","docx"
240,214,452,2009-04-16 11:47:13,"Career Builder Screen shot.gif","gif"
241,215,453,2009-04-17 03:53:52,"Screenshot.JPG","jpg"
242,215,453,2009-04-17 03:53:52,"Screenshot1.JPG","jpg"
243,216,455,2009-04-17 10:27:31,"PositionLogoGlobalCompact.ppt","ppt"
244,217,456,2009-04-17 11:07:25,"newsletter.doc","doc"
245,218,462,2009-04-17 18:15:02,"IBREA_HomePage_Logo request.jpg","jpg"
246,218,462,2009-04-17 18:15:02,"SupportUNGC.jpg","jpg"
247,219,463,2009-04-19 11:04:49,"WYBN Committment Letter for UNGC - We Support.doc","doc"
248,220,464,2009-04-20 09:42:17,"Endesa.pdf","pdf"
249,219,467,2009-04-20 11:40:06,"WYBN wp & We Support GC.doc","doc"
250,221,470,2009-04-20 13:52:10,"Home - Environmental Management for Livelihood Imp","htm"
251,222,471,2009-04-21 05:28:30,"P",""
252,223,472,2009-04-21 05:31:40,"Présentation ISOR.pdf","pdf"
253,224,473,2009-04-21 11:05:13,"Plegable institucional.pdf","pdf"
254,224,473,2009-04-21 11:05:13,"Plegable RE.pdf","pdf"
255,225,474,2009-04-21 11:28:35,"Logo Pacto Mundial en la pÃ¡gina web.doc","doc"
256,226,478,2009-04-21 22:29:03,"SK Telecom_Annual Report_logo pages.pdf","pdf"
257,227,479,2009-04-21 22:32:03,"SK Telecom_Social Contribution Report_for approval","pdf"
258,226,481,2009-04-21 22:39:08,"SK Telecom_Social Contribution Report_for approval","pdf"
259,228,482,2009-04-22 02:06:49,"PPL UN GlobalCOPwithoutlogo 22-04.pdf","pdf"
260,229,483,2009-04-22 05:03:49,"Global Com godkendelse.doc","doc"
261,230,484,2009-04-22 07:36:26,"Briefpapier.pdf.pdf","pdf"
262,231,485,2009-04-22 10:29:32,"Proposed Germany Website Use of UNGC Logo.pdf","pdf"
263,232,487,2009-04-22 11:41:35,"CR08 - DRAFT 1 - 090326.doc","doc"
264,233,491,2009-04-22 15:28:12,"Copy of Ryerson's Global Compact COP 2009.ppt","ppt"
265,234,492,2009-04-22 15:49:30,"Picture1.jpg","jpg"
266,235,493,2009-04-22 16:32:59,"Letter.doc","doc"
267,235,493,2009-04-22 16:32:59,"http___www.clinicamoncloa.pdf","pdf"
268,235,494,2009-04-22 16:37:09,"Memoria de sostenibilidad 2009.doc","doc"
269,236,495,2009-04-23 06:49:55,"COP_2009.pdf","pdf"
270,237,496,2009-04-23 07:01:03,"Sample Web logo GC.bmp","bmp"
271,237,496,2009-04-23 07:01:03,"Sample Web logo GC news.bmp","bmp"
272,238,497,2009-04-23 09:11:43,"logo.oficial.evento.dg2009.jpg","jpg"
273,239,498,2009-04-23 12:07:34,"Global Compact - Pages de 803_CSR_cov.pdf","pdf"
274,240,499,2009-04-23 15:03:08,"Global Compact _CSR report Total.pdf","pdf"
275,241,500,2009-04-24 14:03:53,"20090427 WGM News Release - Global Compact(vers1).","doc"
276,242,501,2009-04-24 14:20:04,"UNGC logo p2 - IFC_10095_Inmet CSR_v4.pdf","pdf"
277,243,502,2009-04-24 14:23:23,"20090427 WGM News Release - Global Compact.pdf","pdf"
278,244,503,2009-04-24 16:38:13,"boletin accionistas3.pdf","pdf"
279,245,504,2009-04-27 04:42:09,"Grupo Sodercan.pdf","pdf"
280,246,505,2009-04-27 05:08:33,"Sustainable Perstorp; external vs internal Feb09.d","doc"
281,247,506,2009-04-27 05:55:33,"KPMG.pdf","pdf"
282,248,507,2009-04-28 00:37:36,"globalcompac-logo.doc","doc"
283,249,508,2009-04-28 05:34:44,"UN Global Compact.pdf","pdf"
284,250,509,2009-04-28 06:51:34,"UNGC logo.pdf","pdf"
285,251,510,2009-04-28 08:57:25,"COP URETEC S.A. Inicio Robert.pdf","pdf"
286,252,511,2009-04-28 10:01:04,"Ercros.pdf","pdf"
287,253,512,2009-04-28 10:43:19,"Elis - Environnement_1239120957052.png","png"
288,254,513,2009-04-28 10:51:29,"Web Site Page.doc","doc"
289,203,514,2009-04-28 11:06:02,"RS_Mapfre_pg_Pacto.pdf","pdf"
290,255,515,2009-04-28 11:27:11,"La seda.pdf","pdf"
291,256,516,2009-04-28 11:44:36,"United_Sample.jpg","jpg"
292,257,517,2009-04-29 05:40:00,"COFIDES web_Global Compact.pdf","pdf"
293,258,518,2009-04-29 05:41:17,"Folleto Pyme_Global Compactl_Aenor.pdf","pdf"
294,259,519,2009-04-29 08:33:53,"global_compact.pdf","pdf"
295,260,520,2009-04-29 12:13:38,"IRC Pacto Mundial.pdf","pdf"
296,261,521,2009-04-29 15:53:24,"propuesta pagina fortaleceRSE.jpg","jpg"
297,262,522,2009-04-29 18:55:58,"WGM_webpage.png","png"
298,263,523,2009-04-30 04:02:22,"vol27ãƒŽãƒãƒ«ãƒ†ã‚£ã‚¹ãƒ•ã‚¡ãƒ¼ãƒž.pdf","pdf"
299,264,524,2009-04-30 06:04:15,"COP Groupe YR sans logo pacte mondial.pdf","pdf"
300,265,525,2009-04-30 07:35:22,"Informe RSC Año 2008.pdf","pdf"
301,265,525,2009-04-30 07:35:22,"05. Ibercaja y el Pacto Mundial de las N U.doc","doc"
302,266,526,2009-04-30 07:39:07,"logouse.jpg","jpg"
303,267,544,2009-05-03 18:40:04,"Financial Intelligence Council COVER.docx","docx"
304,267,544,2009-05-03 18:40:04,"Programa FIC.docx","docx"
305,267,544,2009-05-03 18:40:04,"fic letterhead.docx","docx"
306,267,544,2009-05-03 18:40:04,"About FIC.docx","docx"
307,267,544,2009-05-03 18:40:04,"FIC 2009 authorities report.docx","docx"
308,268,545,2009-05-04 05:01:02,"PositionGLobalCompact2.ppt","ppt"
309,269,546,2009-05-04 09:42:38,"lindex website.JPG","jpg"
310,270,547,2009-05-04 09:43:53,"csr_report_EN_low.pdf","pdf"
311,271,548,2009-05-04 10:19:01,"submission.pdf","pdf"
312,272,567,2009-05-04 11:19:23,"CODE Inc. Company Profile.pdf","pdf"
313,273,576,2009-05-04 21:09:18,"çŽ‰æŸ´é›†å›¢ç½‘ç«™å’Œå¯æŒç»­å‘å±•æŠ¥å‘Šç›®å½•.r","rar"
314,273,576,2009-05-04 21:09:18,"08çŽ‰æŸ´å¯æŒç»­å‘å±•æŠ¥å‘Š(ä¸‰ç¨¿)å°é¢ç›®å½•.","pdf"
315,274,577,2009-05-05 04:52:33,"EnvironementBD.zip","zip"
316,275,578,2009-05-05 05:03:00,"SITE ARTEPRINT.pdf","pdf"
317,276,579,2009-05-05 05:27:05,"APMM HSSE Report 2008_Final.pdf","pdf"
318,277,580,2009-05-05 05:30:40,"maersk.gif","gif"
319,278,581,2009-05-05 05:33:20,"intranet.gif","gif"
320,279,582,2009-05-05 05:41:15,"090128_BOD_CSR 2009.ppt","ppt"
321,280,583,2009-05-05 05:47:33,"Maersk_Fundamental_Business_Principles UK.pdf","pdf"
322,281,592,2009-05-05 10:05:28,"CSR brochure sample June 09.pdf","pdf"
323,282,594,2009-05-05 10:18:03,"P",""
324,283,602,2009-05-05 16:47:36,"Global Compact Usage example - Company Profile.doc","doc"
325,284,603,2009-05-05 22:25:31,"SD_UNGC Logo Approval.pdf","pdf"
326,285,604,2009-05-06 02:01:21,"Environment PDF.pdf","pdf"
327,286,605,2009-05-06 03:12:06,"Pagine da BIl_Sociale_2008.pdf","pdf"
328,287,606,2009-05-06 08:02:15,"Katvig_case.png","png"
329,288,607,2009-05-06 10:39:13,"Proposed Germany Website Use of UNGC Logo.pdf","pdf"
330,289,608,2009-05-06 11:15:25,"SÃ½nishorn til un global compact um not af logo.pp","ppt"
331,290,609,2009-05-06 11:18:20,"Alta_baekl_umhverfisradgjof.pdf","pdf"
332,291,610,2009-05-06 11:54:33,"BSH_ECR-2007_Internet.pdf","pdf"
333,292,611,2009-05-07 04:16:15,"3249_combined_ug_booklet.pdf","pdf"
334,293,612,2009-05-07 04:49:08,"mock-up_un-gc.jpg","jpg"
335,294,613,2009-05-07 05:14:26,"0430_image_draft.pdf","pdf"
336,295,614,2009-05-07 06:01:39,"samples-letterhead-fax-09-05-07.pdf","pdf"
337,296,615,2009-05-07 08:10:16,"Egg Packaging, Egg Cartons, Egg Boxes, Egg Contain","mht"
338,297,616,2009-05-07 11:13:12,"SR07_Extract_Logo_Request.pdf","pdf"
339,298,617,2009-05-07 11:18:08,"Supporting Education - Straight.jpg","jpg"
340,299,618,2009-05-07 11:24:52,"eng_principi_sostenibilita.jsp","jsp"
341,300,619,2009-05-07 11:28:05,"SnapShot_Intranet_per_LogoGC.doc","doc"
342,301,620,2009-05-07 11:30:46,"SnapShot_Internet_per_LogoGC.doc","doc"
343,302,622,2009-05-07 11:57:48,"Unican Invitación2.pdf","pdf"
344,303,623,2009-05-07 11:59:20,"Unican Memorandum3 _2_.pdf","pdf"
345,304,624,2009-05-08 04:46:10,"logo hera.pdf","pdf"
346,305,625,2009-05-08 05:24:03,"GCã€€esca sample.pdf","pdf"
347,305,625,2009-05-08 05:24:03,"DSCF0832.JPG","jpg"
348,306,628,2009-05-08 08:50:07,"2009sicurezza.pdf","pdf"
349,307,629,2009-05-10 22:24:20,"img-511111531.pdf","pdf"
350,308,630,2009-05-11 00:06:48,"GC_Logo_T001.pdf","pdf"
351,309,631,2009-05-11 01:46:40,"Participation in GC(Japanese).pdf","pdf"
352,309,631,2009-05-11 01:46:40,"Participation in GC(English).pdf","pdf"
353,310,632,2009-05-11 01:49:35,"Participation in GC(English).pdf","pdf"
354,311,633,2009-05-11 02:12:39,"COP_ì²­ì›ê±´ì„¤.pdf","pdf"
355,312,634,2009-05-11 09:20:00,"UN Global Compact - screen shot (preview).pdf","pdf"
356,313,635,2009-05-11 10:02:56,"Aplicaciones logo pacto mundial ITVASA (2).pdf","pdf"
357,314,650,2009-05-12 08:25:32,"USER.JPG","jpg"
358,315,651,2009-05-12 08:31:12,"BC.pdf","pdf"
359,316,652,2009-05-12 08:32:00,"STATIONARY.pdf","pdf"
360,317,674,2009-05-13 04:02:49,"OVOTHERM-TEILNEHMER AM UNITED NATIONS GLOBAL COMPA","pdf"
361,318,675,2009-05-13 04:50:38,"Logo Red Farma.pdf","pdf"
362,319,678,2009-05-13 13:04:47,"sample.jpg","jpg"
363,320,679,2009-05-14 01:36:55,"esca_top(1).pdf","pdf"
364,320,679,2009-05-14 01:36:55,"esca_csr(2).pdf","pdf"
365,321,680,2009-05-14 05:38:30,"Public Reo Report Q109.pdf","pdf"
366,322,681,2009-05-14 05:54:04,"10-11Initiatives.pdf","pdf"
367,323,682,2009-05-14 06:01:37,"10-11Initiatives.pdf","pdf"
368,324,683,2009-05-14 09:36:17,"Slides STS 2009 PACTE.ppt","ppt"
369,325,684,2009-05-14 09:44:01,"template page Web.jpg","jpg"
370,326,686,2009-05-14 09:56:03,"template message PACTE.jpg","jpg"
371,327,694,2009-05-14 11:41:08,"B2-7ValorSocial08.pdf","pdf"
372,327,696,2009-05-14 12:42:32,"B2-1DesarrolloSostenible08.pdf","pdf"
373,328,698,2009-05-14 22:32:35,"We support UNGC.ppt","ppt"
374,329,699,2009-05-15 06:52:21,"GP_P04-05_4th_090513.pdf","pdf"
375,330,702,2009-05-15 09:39:43,"Leader_Interim_Pacte_Mondialv2.pdf","pdf"
376,331,703,2009-05-15 11:42:31,"Seminario GuaNicSal Mayo2009.pdf","pdf"
377,332,706,2009-05-18 10:11:06,"Image 1.png","png"
378,333,707,2009-05-18 10:18:30,"sidieseblog.png","png"
379,334,708,2009-05-18 11:36:48,"Global compact.JPG","jpg"
380,335,712,2009-05-18 20:51:18,"Logo placement.pdf","pdf"
381,336,713,2009-05-19 04:15:41,"UNGC COP 2009.doc","doc"
382,337,714,2009-05-19 06:19:27,"Sidiese template.ppt","ppt"
383,338,715,2009-05-19 06:32:15,"CP_Campagne BinckBank.doc","doc"
384,339,716,2009-05-19 06:36:38,"sebastien nouveau.png","png"
385,340,717,2009-05-19 06:43:43,"entetelettre.doc","doc"
386,341,718,2009-05-19 07:27:21,"CSR0518correctionMT.pdf","pdf"
387,342,719,2009-05-19 08:29:14,"hrlogo.JPG","jpg"
388,343,723,2009-05-19 11:52:18,"Moringa Front Revised.jpg","jpg"
389,343,723,2009-05-19 11:52:18,"Moringa Back Page.psd.jpg","jpg"
390,344,726,2009-05-19 12:16:09,"Dpto Resp  Social-English.ppt","ppt"
391,342,729,2009-05-19 14:31:30,"codetica_adm.pdf","pdf"
392,345,732,2009-05-19 21:35:28,"090520csr_sample.pdf","pdf"
393,346,733,2009-05-19 22:46:38,"RICOH_CSR Report.ppt","ppt"
394,347,734,2009-05-20 01:50:34,"Promotion of CSR.doc","doc"
395,348,735,2009-05-20 02:07:13,"Hyundai Motor Company.jpg","jpg"
396,349,736,2009-05-20 04:07:17,"OMRON report 1_02 Japanese.doc","doc"
397,349,736,2009-05-20 04:07:17,"OMRON report 01_02 English.doc","doc"
398,350,737,2009-05-20 04:50:51,"gc_logo_sam.gif","gif"
399,351,738,2009-05-20 09:34:01,"3A-1rst page-Report Global Compact.pdf","pdf"
400,351,738,2009-05-20 09:34:01,"3A-back page-Report Global Compact.pdf","pdf"
401,352,747,2009-05-20 11:15:38,"Business Card.jpg","jpg"
402,352,747,2009-05-20 11:15:38,"letter-head.jpg","jpg"
403,352,747,2009-05-20 11:15:38,"Envelop.jpg","jpg"
404,353,751,2009-05-20 21:10:32,"sample (JPN).jpg","jpg"
405,354,752,2009-05-21 03:18:30,"prosnja za logo UNGC za TR.doc","doc"
406,355,753,2009-05-21 05:09:26,"More information_MSN.docx","docx"
407,356,754,2009-05-21 08:47:07,"UNGC logo useAccenture  Netherlands Website.png","png"
408,357,759,2009-05-21 21:49:42,"m s h_bottle.pdf","pdf"
409,340,760,2009-05-22 03:51:40,"entetelettre.doc","doc"
410,358,761,2009-05-22 05:57:17,"æ±äº¬æµ·ä¸Šï¼¨ï¼¤ã®ç¾çŠ¶2009(P.32-33)09.05.21.p","pdf"
411,357,767,2009-05-22 15:36:44,"m.s.h_bottle-03-outline.pdf","pdf"
412,359,768,2009-05-22 17:08:17,"UN Global Compact text.doc","doc"
413,360,769,2009-05-22 23:28:50,"MoringaSuperHerb.htm","htm"
414,361,770,2009-05-24 15:12:16,"Exima Company profile 2009.pdf","pdf"
415,362,771,2009-05-25 01:53:14,"UNGC090525.pdf","pdf"
416,362,772,2009-05-25 01:54:35,"UNGC(ENG)090525.pdf","pdf"
417,363,773,2009-05-25 01:58:29,"UNGC(ENG)090525.pdf","pdf"
418,364,774,2009-05-25 02:24:44,"CSR Report 09 P7-P8.pdf","pdf"
419,365,775,2009-05-25 03:02:49,"We support the GCï¾›ï½ºï¾žç”³è«‹.pdf","pdf"
420,366,776,2009-05-25 03:03:48,"PressReleaseForWebsite.doc","doc"
421,367,777,2009-05-25 06:56:10,"0905_UN-GC_English.doc","doc"
422,367,777,2009-05-25 06:56:10,"0905_UN-GC_Japanese.doc","doc"
423,367,777,2009-05-25 06:56:10,"image.pdf","pdf"
424,368,778,2009-05-25 07:53:31,"UNION FENOSA Informe de Sostenibilidad 2008.pdf","pdf"
425,369,779,2009-05-25 08:24:21,"Kongsberg Årsr-08-GB-s127.pdf","pdf"
426,370,780,2009-05-25 09:59:52,"letter-head.jpg","jpg"
427,370,780,2009-05-25 09:59:52,"envelop.jpg","jpg"
428,371,781,2009-05-25 10:31:42,"Website printscreen.doc","doc"
429,372,782,2009-05-25 10:40:18,"Brochure Geolog.pdf","pdf"
430,373,783,2009-05-25 22:12:15,"index ver3.html","html"
431,374,784,2009-05-26 03:52:24,"kansei.pdf","pdf"
432,375,785,2009-05-26 04:58:39,"Grupo Prasa.pdf","pdf"
433,376,786,2009-05-26 08:23:50,"Logo-We support the GC.jpg","jpg"
434,377,806,2009-05-26 21:17:19,"DNP_csr2009_gc_0526.pdf","pdf"
435,378,807,2009-05-27 00:27:28,"P",""
436,379,808,2009-05-27 03:44:59,"UNION FENOSA Informe de Sostenibilidad 2008.ppt","ppt"
437,380,809,2009-05-27 04:26:56,"TDCweb.JPG","jpg"
438,381,810,2009-05-27 04:30:16,"Grupo Prasa Papeleria.pdf","pdf"
439,382,811,2009-05-27 04:34:24,"UN GC page.doc","doc"
440,383,812,2009-05-27 04:56:54,"main.htm","htm"
441,384,814,2009-05-27 06:43:32,"Climate Change summit.doc","doc"
442,385,815,2009-05-27 10:17:26,"CSR-report-dutch.pdf","pdf"
443,386,818,2009-05-27 11:38:52,"BROCHURE GLOBAL COMPACT.pdf","pdf"
444,387,819,2009-05-27 14:59:30,"Logo Request BCS.pdf","pdf"
445,388,820,2009-05-28 04:27:59,"globa_new.gif","gif"
446,389,821,2009-05-28 06:54:02,"Caja Jaén.pdf","pdf"
447,390,822,2009-05-28 08:49:29,"LNA Fiche RSE.pdf","pdf"
448,391,823,2009-05-29 02:39:09,"Vorwort NHBericht09.doc","doc"
449,392,824,2009-05-29 03:00:01,"maquetteGlobalCompact.pdf","pdf"
450,393,825,2009-05-29 04:43:47,"kirin.tif","tif"
451,394,826,2009-05-29 05:15:23,"Global Compact logo proposal.doc","doc"
452,395,827,2009-05-29 10:08:24,"0358_001.pdf","pdf"
453,396,828,2009-05-29 10:21:07,"0359_001.pdf","pdf"
454,397,829,2009-05-29 21:12:27,"CSR report 2009(sekisui) sample.pdf","pdf"
455,398,830,2009-05-31 02:12:45,"Certificate of Participation.jpg","jpg"
456,399,831,2009-05-31 23:57:14,"brochure-email.pdf","pdf"
457,400,832,2009-06-01 10:59:41,"Sirasa.pdf","pdf"
458,378,856,2009-06-01 19:14:52,"VIP Packaging example UNGC logo use 0509.pdf","pdf"
459,401,857,2009-06-01 22:13:33,"csr_website_screenshot.jpg","jpg"
460,402,859,2009-06-02 04:36:36,"t-sample.pdf","pdf"
461,403,860,2009-06-02 04:56:33,"Asfedebi  PDF.pdf","pdf"
462,404,861,2009-06-02 08:08:50,"Picture 2.png","png"
463,405,867,2009-06-02 13:30:33,"PEMEX_RS.pdf","pdf"
464,406,868,2009-06-02 16:30:56,"GLOBAL COMPACT 1.bmp","bmp"
465,407,869,2009-06-02 16:45:02,"IBREA_POSTCARD_DRAFT-UNGC.pdf","pdf"
466,408,870,2009-06-02 21:07:52,"Presentation Template.ppt","ppt"
467,409,871,2009-06-02 21:15:30,"website screen dump EL.doc","doc"
468,410,872,2009-06-02 21:20:24,"website screen dump Drake.doc","doc"
469,411,873,2009-06-02 23:55:46,"Proposal Template.doc","doc"
470,412,874,2009-06-03 01:40:44,"inhousemagazine200906.pdf","pdf"
471,413,875,2009-06-03 02:11:30,"yokogawa_shareholdersReport.jpg","jpg"
472,414,877,2009-06-03 06:14:55,"Sample_CSR Report 2008.pdf","pdf"
473,415,878,2009-06-03 06:24:44,"Sample_Annual Report 2008.pdf","pdf"
474,416,880,2009-06-03 09:29:20,"UN Global logo underside.jpg","jpg"
475,417,881,2009-06-03 09:42:16,"Denmark CSR Report Layout 5.pdf","pdf"
476,418,883,2009-06-04 08:45:33,"cop 2009.pdf","pdf"
477,419,900,2009-06-04 13:58:28,"gpactocpfl.JPG","jpg"
478,420,901,2009-06-04 16:40:48,"NEW ACCOUNT APP NY PDF.pdf","pdf"
479,398,904,2009-06-05 04:26:23,"Falcon-certificate.jpg","jpg"
480,421,905,2009-06-05 09:35:40,"logo on website.gif","gif"
481,422,908,2009-06-08 04:03:49,"demande logo pacte mondial site internet.jpg","jpg"
482,422,908,2009-06-08 04:03:49,"demande logo pacte mondial site internet bis.jpg","jpg"
483,423,909,2009-06-08 10:26:07,"logo de apoyo al pacto.ppt","ppt"
484,424,912,2009-06-09 02:23:03,"sample_website_page.bmp","bmp"
485,425,913,2009-06-09 03:16:55,"SITEhome.jpg","jpg"
486,425,913,2009-06-09 03:16:55,"mw_090115 GC_news web.doc","doc"
487,426,914,2009-06-09 06:48:36,"eve-olution pdf.pdf","pdf"
488,427,915,2009-06-09 09:53:30,"BUSINESS CARD GEDEF.JPG","jpg"
489,428,920,2009-06-09 11:12:47,"CSRreport_KPMGMexico.pdf","pdf"
490,429,921,2009-06-09 12:44:22,"BWC-TRAINING COURSES PROPOSAL-send.doc","doc"
491,430,924,2009-06-10 05:54:04,"Briefkopf_mit_Logo.pdf","pdf"
492,431,925,2009-06-10 06:16:58,"Berendsen NL Website.mht","mht"
493,432,932,2009-06-10 11:11:45,"PLASTIC OMNIUM 2008 SD Report-UK.pdf","pdf"
494,433,933,2009-06-10 11:18:13,"PO Website - SD item.xls","xls"
495,434,936,2009-06-10 22:55:41,"sample_logo2.gif","gif"
496,435,937,2009-06-11 06:29:36,"Anritsu_J090611.pdf","pdf"
497,436,938,2009-06-11 06:34:04,"Anritsu_E090611.pdf","pdf"
498,437,939,2009-06-11 07:34:15,"JF Logo final.JPG","jpg"
499,438,940,2009-06-11 20:19:59,"DAIKIN_CSR Report2009.doc","doc"
500,438,940,2009-06-11 20:19:59,"layout.pdf","pdf"
501,439,941,2009-06-12 01:26:14,"Logo Sample.doc","doc"
502,440,942,2009-06-12 01:34:03,"Logo Sample.doc","doc"
503,441,943,2009-06-12 04:07:31,"intranet.ppt","ppt"
504,442,952,2009-06-12 13:06:35,"36398_developpement_durable_ESP_0409_P15.pdf","pdf"
505,443,953,2009-06-12 13:11:24,"logo Global Compact Proselis 44.pdf","pdf"
506,444,956,2009-06-13 11:24:52,"Danske Arkitektvirksomheder.pdf","pdf"
507,439,957,2009-06-14 20:32:46,"CSR Report GC logo page.ppt","ppt"
508,440,958,2009-06-14 20:36:17,"GC logo CSR Panel.ppt","ppt"
509,445,959,2009-06-15 01:04:43,"kaotrainingmaterial.doc","doc"
510,446,960,2009-06-15 01:14:23,"kaotrainingmaterial.doc","doc"
511,447,961,2009-06-15 06:08:37,"MSIG_p21.22.pdf","pdf"
512,448,968,2009-06-15 11:52:41,"Water Slide for Riehen meeting.ppt","ppt"
513,449,970,2009-06-16 02:09:49,"TAKUMAã€€CSR Reportã€€2009.doc","doc"
514,450,971,2009-06-16 10:10:05,"Comunication on Progress 2008.doc","doc"
515,451,975,2009-06-16 11:29:11,"Sustainability Report_Global Compact.doc","doc"
516,452,977,2009-06-16 13:39:06,"Cemig Homepage.pdf","pdf"
517,453,978,2009-06-16 13:48:48,"pacto_mundial.jpg","jpg"
518,454,982,2009-06-16 14:24:52,"pacto_mundial_folleto.JPG","jpg"
519,426,983,2009-06-17 03:17:41,"EVE flyer 2009.pdf","pdf"
520,455,984,2009-06-17 11:09:05,"Hotel Occidental Fax sample (2).pdf","pdf"
521,455,984,2009-06-17 11:09:05,"Hotel Occidental Letter.pdf","pdf"
522,456,988,2009-06-17 20:19:42,"Mizuho_CSRmanagemant.pdf","pdf"
523,457,989,2009-06-18 04:34:51,"Sustainable development report for the year 2008.p","pdf"
524,458,990,2009-06-18 06:18:01,"Sharp Environmental & Social Report 2009, P9.pdf","pdf"
525,459,994,2009-06-18 15:16:56,"RapportAnn09FSTQ.pdf","pdf"
526,460,995,2009-06-18 18:16:55,"mission gclogo.bmp","bmp"
527,460,995,2009-06-18 18:16:55,"nomgc.bmp","bmp"
528,460,995,2009-06-18 18:16:55,"valores gclogo.bmp","bmp"
529,461,996,2009-06-19 03:00:01,"Business Card.jpg","jpg"
530,462,997,2009-06-19 04:39:20,"ITOCHU_CSR_Report2009_P07-08_090618.pdf","pdf"
531,462,997,2009-06-19 04:39:20,"ITOCHU_CSR_Report2009_GCenglish_090618.doc","doc"
532,463,998,2009-06-19 08:54:39,"Portugal Telecom  Compromissos da PT com o futuro.","mht"
533,464,999,2009-06-19 09:37:14,"Maquette COP2008.pdf","pdf"
534,465,1000,2009-06-19 10:16:59,"ARMOR - Brochure 2009 - AOP.pdf","pdf"
535,466,1008,2009-06-19 11:21:17,"Rsc.pdf","pdf"
536,464,1009,2009-06-19 11:46:33,"Maquette COP2008.pdf","pdf"
537,467,1012,2009-06-22 01:11:23,"pasha_web-site.jpg","jpg"
538,468,1013,2009-06-22 05:54:54,"Arix website_exe_pag Certific_GC.pdf","pdf"
539,469,1014,2009-06-22 09:07:50,"Logo_WS_COP.pdf","pdf"
540,470,1015,2009-06-22 09:11:11,"Logo_WS_COP_TBA.pdf","pdf"
541,471,1016,2009-06-22 09:35:43,"Web CORREOS.pdf","pdf"
542,472,1017,2009-06-22 17:51:03,"mbcoihomesnip.pdf","pdf"
543,473,1018,2009-06-23 03:34:26,"NettshotsSP32-20090623-092806.jpg","jpg"
544,474,1019,2009-06-23 04:46:45,"40792_NE_MiniProfilbrochure_k2.pdf","pdf"
545,475,1021,2009-06-23 11:14:18,"face88x53.pdf","pdf"
546,476,1022,2009-06-23 12:15:35,"Isa_Logo_Slogan_Esp_Pos.jpg","jpg"
547,476,1022,2009-06-23 12:15:35,"Isa_Logo_slogan_Ing_Pos.jpg","jpg"
548,477,1023,2009-06-23 21:57:09,"Report samples.pdf","pdf"
549,478,1024,2009-06-24 05:09:29,"TETE DE LETTRE TYPE.docx","docx"
550,479,1025,2009-06-24 05:41:00,"Diapositive1.JPG","jpg"
551,480,1040,2009-06-24 11:54:45,"MEMORIA ETNOR 2008 Portada.pdf","pdf"
552,481,1042,2009-06-24 14:53:59,"sample use for we support.JPG","jpg"
553,482,1043,2009-06-24 14:58:43,"sample use for presentation.JPG","jpg"
554,483,1044,2009-06-25 02:06:07,"48_Corporate Social Responsibility(CSR)_0622.pdf","pdf"
555,483,1044,2009-06-25 02:06:07,"48_ä¼æ¥­ã®ç¤¾ä¼šçš„è²¬ä»»_0615.pdf","pdf"
556,484,1045,2009-06-25 02:26:18,"UNGC(Japanese)090625.pdf","pdf"
557,484,1045,2009-06-25 02:26:18,"UNGC(English)090625.pdf","pdf"
558,485,1046,2009-06-25 02:27:44,"UNGC(English)090625.pdf","pdf"
559,486,1047,2009-06-25 03:55:39,"TM2009_TOP_GC.pdf","pdf"
560,487,1048,2009-06-25 06:37:48,"COlegio Oficial de Farmaceuticos.pdf","pdf"
561,488,1049,2009-06-25 07:07:05,"Cimalsa.pdf","pdf"
562,489,1050,2009-06-25 09:15:41,"ungloballogo.pdf","pdf"
563,490,1051,2009-06-25 09:26:28,"NETWORK9_Final_version.pdf","pdf"
564,491,1052,2009-06-25 12:52:21,"DRAFT_Ricoh Europe Sustainability Report 2009 v0.1","pdf"
565,492,1053,2009-06-25 14:44:17,"Sustainability_report_-_complete_version.pdf","pdf"
566,493,1054,2009-06-26 01:36:36,"RICOH_website_CSR.ppt","ppt"
567,494,1055,2009-06-26 04:20:41,"G.C_PRESENTATION_SEE[Samples].pptm","pptm"
568,494,1055,2009-06-26 04:20:41,"NEW-Global_Compact_Presentation _bulgarian.ppt","ppt"
569,494,1055,2009-06-26 04:20:41,"-Global Compact_template.ppt","ppt"
570,495,1056,2009-06-26 09:16:18,"brochure low def.bmp","bmp"
571,496,1073,2009-06-29 02:09:57,"GC LOGO.doc","doc"
572,497,1074,2009-06-29 06:04:25,"Unternehmen_nobadirect_Ethik.pdf","pdf"
573,498,1075,2009-06-29 09:46:15,"Global Compact Smple L HEAD.pdf","pdf"
574,434,1079,2009-06-29 22:49:56,"æ—­åŒ–æˆCSR2009_p03.pdf","pdf"
575,499,1081,2009-06-30 04:02:13,"WB_leitbildfolder_RZ_ENG.qxd.pdf","pdf"
576,500,1082,2009-06-30 05:09:30,"Corporate Social Responsibility GC.ppt","ppt"
577,501,1087,2009-06-30 14:29:15,"banner-01.jpg","jpg"
578,501,1087,2009-06-30 14:29:15,"banner-02.jpg","jpg"
579,502,1089,2009-06-30 19:52:00,"09.csr.top.commitment.pdf","pdf"
580,503,1090,2009-07-01 01:41:23,"GC Logo Sample.pdf","pdf"
581,504,1091,2009-07-01 03:19:48,"20090701091727.pdf","pdf"
582,505,1092,2009-07-01 03:22:42,"SKMBT_C353 09070108180.pdf","pdf"
583,506,1093,2009-07-01 04:39:20,"web_img.pdf","pdf"
584,507,1094,2009-07-01 04:47:46,"magazine_img.pdf","pdf"
585,508,1095,2009-07-01 05:23:30,"x-act AG_COP report 2009_pre-final.pdf","pdf"
586,509,1096,2009-07-01 05:48:42,"programmeami.pdf","pdf"
587,490,1097,2009-07-01 11:47:10,"Network#10_Final_version.pdf","pdf"
588,510,1098,2009-07-02 03:55:19,"SEGUNDO  PRINCIPIO JULIO 2009 _Caja Rural Toledo.p","pdf"
589,511,1099,2009-07-02 04:18:50,"09.ebara.AR.pdf","pdf"
590,512,1100,2009-07-02 14:02:26,"Homepage Copy_with proposed logos for approval.doc","doc"
591,513,1115,2009-07-02 20:44:34,"GC_Logo_T001_org_20090703.pdf","pdf"
592,514,1116,2009-07-03 01:04:45,"SumitomoForestry_TopCommitment.pdf","pdf"
593,515,1117,2009-07-03 01:06:59,"SumitomoForestry_TopCommitment.pdf","pdf"
594,516,1118,2009-07-03 01:22:13,"Environment&Social_Eng.psp","psp"
595,516,1118,2009-07-03 01:22:13,"Environment&Social.jpg","jpg"
596,516,1118,2009-07-03 01:22:13,"IR.jpg","jpg"
597,517,1119,2009-07-03 04:22:22,"Guia2009_DAP.pdf","pdf"
598,518,1120,2009-07-04 12:23:53,"CCLP Worldwide Nigeria Website.mht","mht"
599,519,1121,2009-07-06 01:10:42,"SKtelecom_SustainabilityReport2008.pdf","pdf"
600,520,1122,2009-07-06 01:14:10,"SKT SR for employees.pdf","pdf"
601,521,1131,2009-07-06 15:07:28,"Loma Negra website.JPG","jpg"
602,522,1132,2009-07-06 15:22:29,"Loma Negra intranet.JPG","jpg"
603,523,1133,2009-07-06 17:17:50,"ABOUT US_webpage copy draft.docx","docx"
604,524,1134,2009-07-07 00:12:05,"2009draft_JP_ENG.pdf","pdf"
605,525,1135,2009-07-07 04:04:43,"Sample page with logo.JPG","jpg"
606,526,1136,2009-07-07 05:15:36,"PlaquettePresentation v5 23-03-09.pdf","pdf"
607,527,1137,2009-07-07 06:09:01,"Sample Global Compact Screen shot.docx","docx"
608,527,1137,2009-07-07 06:09:01,"Sample Global Compact Screen shot 2.docx","docx"
609,528,1138,2009-07-07 06:39:53,"Caixa Corp.pdf","pdf"
610,529,1139,2009-07-07 07:35:28,"NNAUSA-LETTERHEAD [1].doc","doc"
611,530,1152,2009-07-07 11:21:07,"ungc.doc","doc"
612,531,1153,2009-07-07 14:56:32,"logo_pacto_global ARISP.JPG","jpg"
613,532,1154,2009-07-07 16:46:01,"logo.png","png"
614,533,1155,2009-07-08 10:47:52,"GC logo.pdf","pdf"
615,534,1156,2009-07-08 19:05:06,"wpdinvi.pdf","pdf"
616,535,1157,2009-07-08 19:08:57,"brochure.pdf","pdf"
617,536,1158,2009-07-08 21:32:01,"GC Logo g.c..JPG","jpg"
618,537,1159,2009-07-09 04:06:12,"KONCAR Electrical Industry Inc. - Corporate Social","pdf"
619,538,1160,2009-07-09 04:19:01,"global Compact.docx","docx"
620,539,1161,2009-07-09 04:29:14,"KONCAR web - Social Responsibility.jpg","jpg"
621,540,1162,2009-07-09 04:39:34,"Sekisui_web_test.pdf","pdf"
622,541,1163,2009-07-09 05:44:31,"CriteriaMoussePad_Sample.pdf","pdf"
623,542,1174,2009-07-09 12:50:25,"Hess CSR p17.pdf","pdf"
624,543,1179,2009-07-09 13:13:39,"OneReport COP..pdf","pdf"
625,544,1180,2009-07-09 14:56:20,"Hess 2008 CSR web page.pdf","pdf"
626,545,1181,2009-07-09 18:21:58,"UNGC - COP - GRUPO ALCOR - 2008.pdf","pdf"
627,546,1182,2009-07-09 18:44:36,"alcor_website.jpg","jpg"
628,547,1183,2009-07-09 21:36:00,"CSRreportweb2009.pdf","pdf"
629,548,1184,2009-07-10 01:38:47,"LOGOmockUP.jpg","jpg"
630,549,1185,2009-07-10 08:00:32,"manuel de management V3.pdf","pdf"
631,550,1186,2009-07-10 08:07:00,"Modèle courrier simple.doc","doc"
632,551,1187,2009-07-10 08:12:19,"Global Compact Plasma (Juin 09).ppt","ppt"
633,552,1188,2009-07-10 08:31:46,"Cemig_Sustainability_Report_2008_final.pdf","pdf"
634,553,1189,2009-07-10 08:41:07,"http___www.cemig.com.pdf","pdf"
635,554,1190,2009-07-10 08:45:43,"Cemig_Apimec_09_DVP_ing.pdf","pdf"
636,555,1191,2009-07-10 08:48:50,"logo_pacto_global ARISP.JPG","jpg"
637,531,1192,2009-07-10 08:52:51,"www.iregistradores.org[1]","org[1]"
638,556,1194,2009-07-10 10:34:42,"Informe de aceptacion al pg.doc","doc"
639,557,1211,2009-07-13 06:19:40,"Anritsu_GC_perspective_FY2008_J_Web.doc","doc"
640,558,1212,2009-07-13 06:24:34,"Anritsu_GC_perspective_FY2008_E_Web.doc","doc"
641,559,1213,2009-07-13 06:34:40,"090713_SHARP AR09(J).pdf","pdf"
642,559,1213,2009-07-13 06:34:40,"090713_SHARP AR09(E).pdf","pdf"
643,560,1214,2009-07-13 06:37:10,"090713_SHARP ESR09(E).pdf","pdf"
644,561,1219,2009-07-13 16:11:33,"Politica_Qualidade_MA_Sust-AHK.doc","doc"
645,562,1220,2009-07-13 17:41:56,"pagina calpro.JPG","jpg"
646,563,1221,2009-07-14 04:56:50,"Grupo Cortefiel.pdf","pdf"
647,564,1222,2009-07-14 05:54:20,"web_cc_crr08.pdf","pdf"
648,565,1223,2009-07-14 10:03:22,"GSS.JPG","jpg"
649,566,1229,2009-07-14 15:37:53,"MANTA2.JPG","jpg"
650,529,1232,2009-07-14 20:07:08,"NNAUSA ENVELOPE.doc","doc"
651,567,1233,2009-07-14 23:05:59,"img-714155604.pdf","pdf"
652,568,1234,2009-07-15 04:04:58,"logo_requested_by_SATEC.jpg","jpg"
653,568,1234,2009-07-15 04:04:58,"SATEC_website_for_logo´splacement.jpg","jpg"
654,569,1235,2009-07-15 08:11:01,"Myllykoski_Web_Site.doc","doc"
655,570,1236,2009-07-15 08:53:29,"Global Compact Logo Request.pdf","pdf"
656,571,1237,2009-07-15 09:39:22,"21 str.jpg","jpg"
657,572,1238,2009-07-15 10:09:46,"COP.pdf","pdf"
658,573,1239,2009-07-15 10:20:03,"Web-site Corporate Home Page.pdf","pdf"
659,574,1247,2009-07-15 18:14:19,"business card.jpg","jpg"
660,575,1248,2009-07-15 18:19:20,"Banner.jpg","jpg"
661,576,1249,2009-07-16 05:49:00,"Samples.jpg","jpg"
662,577,1250,2009-07-16 07:42:24,"un global compact logo.docx","docx"
663,578,1266,2009-07-17 10:47:01,"Peace-compac.doc","doc"
664,579,1267,2009-07-17 10:48:03,"NNAUSA-LETTERHEAD1].doc","doc"
665,579,1267,2009-07-17 10:48:03,"NNAUSA ENVELOPE[1].doc","doc"
666,580,1268,2009-07-17 10:54:23,"Child pad -compact.doc","doc"
667,221,1273,2009-07-19 14:40:49,"http___www_bwaisefacility_org.pdf","pdf"
668,581,1274,2009-07-20 00:59:47,"Sustainability ad mock up.ppt","ppt"
669,582,1275,2009-07-20 03:16:26,"Desarrollo HUmano.pdf","pdf"
670,583,1276,2009-07-20 09:36:22,"Keolis_RADD 08_15-07.pdf.zip","zip"
671,584,1277,2009-07-20 10:13:00,"Logo_update_on_Bayer_website_July2009.ppt","ppt"
672,585,1283,2009-07-20 16:43:29,"Sustainability_report_-_complete_version.pdf","pdf"
673,586,1284,2009-07-20 18:55:31,"NG_SR08_IBC.pdf","pdf"
674,587,1286,2009-07-20 21:24:20,"AnnualReport2009.pdf","pdf"
675,588,1287,2009-07-20 21:55:42,"ENV_report09P5.pdf","pdf"
676,589,1289,2009-07-21 03:41:47,"PETROL COP for 2008 (not signed yet).pdf","pdf"
677,590,1290,2009-07-21 04:50:24,"ITB DAN 2009 17649 UNICEF.doc","doc"
678,591,1291,2009-07-21 04:54:32,"Peace  -Full.doc","doc"
679,592,1292,2009-07-21 04:58:54,"Childcare ltr pad -compact.doc","doc"
680,593,1293,2009-07-21 05:10:37,"Interieur-OK2.pdf","pdf"
681,594,1294,2009-07-21 07:48:23,"8773_Heineken_Sust_Introduction.pdf","pdf"
682,595,1296,2009-07-21 11:26:12,"EIFFAGE Global Compact.pdf","pdf"
683,596,1301,2009-07-21 12:11:43,"Use of Logo in 08 SDR.doc","doc"
684,597,1306,2009-07-21 13:33:26,"GC_Logo.jpg","jpg"
685,598,1307,2009-07-21 14:02:13,"VACANCIES FOR HONOURARY AMBASSADORS.doc","doc"
686,599,1314,2009-07-22 07:02:06,"CSD report 07-09.pdf","pdf"
687,600,1315,2009-07-22 07:03:37,"Quality Manual.pdf","pdf"
688,590,1316,2009-07-22 08:54:27,"img009.pdf","pdf"
689,598,1317,2009-07-22 09:12:28,"VACANCIES FOR HONOURARY AMBASSADORS (AMENDED).doc","doc"
690,601,1322,2009-07-22 11:13:37,"Sika_Intranet.doc","doc"
691,601,1322,2009-07-22 11:13:37,"Sika_Internet.doc","doc"
692,602,1324,2009-07-22 12:45:32,"The Global Compact and Enablon.docx","docx"
693,603,1326,2009-07-22 14:34:18,"Pacto Global.pdf","pdf"
694,604,1327,2009-07-22 14:37:08,"logo_pacto_catalogo.pdf","pdf"
695,605,1328,2009-07-22 14:44:20,"modelo_agenda02.pdf","pdf"
696,606,1329,2009-07-22 21:09:10,"GC.pdf","pdf"
697,607,1330,2009-07-22 21:59:28,"CSR Report(P.0)(in Japanese).pdf","pdf"
698,607,1330,2009-07-22 21:59:28,"CSR Report(P.5)(in Japanese).pdf","pdf"
699,608,1331,2009-07-23 03:26:08,"Letter head.doc","doc"
700,609,1332,2009-07-23 05:06:09,"screen_approval_un-global.jpg","jpg"
701,610,1333,2009-07-23 05:40:02,"card.jpg","jpg"
702,611,1334,2009-07-23 05:52:44,"Logo gc.ppt","ppt"
703,599,1335,2009-07-23 08:14:00,"Quality and sustainable development manual.pdf","pdf"
704,612,1336,2009-07-23 09:58:32,"Proposed Letter Head GC.pdf","pdf"
705,599,1348,2009-07-23 11:45:43,"CSD report 07-09.pdf","pdf"
706,613,1350,2009-07-24 03:57:17,"kikkoman web.xls","xls"
707,614,1351,2009-07-24 05:15:23,"Startseite---CIWI-GmbH---Software-Management-Consu","jpg"
708,615,1352,2009-07-24 07:00:01,"IDFC sample Press Release - 2009.doc","doc"
709,616,1353,2009-07-24 07:16:49,"Demande de logo Site intranet.pdf","pdf"
710,617,1354,2009-07-24 08:26:07,"IDFC.docx","docx"
711,618,1355,2009-07-24 08:30:11,"Logo Request for Polymetal.ru.doc","doc"
712,619,1356,2009-07-27 02:13:35,"OSAKA GAS GROUP CSR REPORT 2009 publication.pdf","pdf"
713,620,1357,2009-07-27 02:15:26,"CSR of OSAKA GAS GROUP website Japanese.pdf","pdf"
714,621,1358,2009-07-27 02:18:29,"CSR of OSAKA GAS GROUP website English.pdf","pdf"
715,622,1359,2009-07-27 02:39:04,"JFA.mht","mht"
716,623,1360,2009-07-27 10:36:03,"Bilan durable 2008 Groupe ever.pdf","pdf"
717,624,1364,2009-07-27 11:10:12,"NUEVO logo tgs en alta.jpg","jpg"
718,625,1376,2009-07-27 12:35:10,"Sample UN global compact Homepage.doc","doc"
719,626,1378,2009-07-28 05:23:16,"UN Global Compact on Cramos webpages.doc","doc"
720,627,1379,2009-07-28 06:46:44,"Peace  -Full.doc","doc"
721,628,1380,2009-07-28 06:55:17,"Childcare ltr pad -compact.doc","doc"
722,629,1381,2009-07-28 08:53:02,"logo.doc","doc"
723,630,1385,2009-07-28 11:01:48,"BoothLabelExpo.jpg","jpg"
724,630,1385,2009-07-28 11:01:48,"Signa_GrandeBache.jpg","jpg"
725,631,1390,2009-07-28 18:01:06,"Logo Oria Reducido.gif","gif"
726,632,1391,2009-07-28 18:06:21,"COP.docx","docx"
727,633,1392,2009-07-29 04:39:28,"12p QSE 2009 v2.pdf","pdf"
728,634,1393,2009-07-29 08:04:45,"we support logo.JPG","jpg"
729,635,1394,2009-07-29 09:37:43,"sample we support logo use.jpg","jpg"
730,636,1395,2009-07-29 09:38:08,"Rapport_enviro-GB.pdf","pdf"
731,637,1403,2009-07-29 22:14:13,"Annual Results Template.pptx","pptx"
732,603,1404,2009-07-30 10:17:24,"catalogo_transformador_pag_03[1].pdf","pdf"
733,604,1405,2009-07-30 10:18:38,"catalogo_institucional_logo_pacto[1].pdf","pdf"
734,605,1406,2009-07-30 10:19:42,"modelo_agenda02.pdf","pdf"
735,638,1407,2009-07-30 10:24:16,"catálogo combate_arte_externa.pdf","pdf"
736,639,1408,2009-07-31 00:17:23,"CSRreport(English)draft.pdf","pdf"
737,639,1408,2009-07-31 00:17:23,"CSRerport(Japanese)draft.pdf","pdf"
738,640,1409,2009-07-31 00:22:48,"logo sample.bmp","bmp"
739,641,1410,2009-07-31 04:42:49,"screen dump of subsite_pfa joined global compact. ","ppt"
740,642,1416,2009-08-02 22:33:49,"Strategic Partners.doc","doc"
741,603,1417,2009-08-03 09:35:48,"catalogo_transformador_pag_03.pdf","pdf"
742,604,1418,2009-08-03 09:36:35,"catalogo_institucional_logo_pacto.pdf","pdf"
743,605,1419,2009-08-03 09:37:25,"modelo_agenda02.pdf","pdf"
744,638,1420,2009-08-03 09:38:59,"parte_externa.pdf","pdf"
745,643,1425,2009-08-03 12:43:52,"cooperation.html","html"
746,643,1427,2009-08-03 12:59:34,"cooperation.html","html"
747,643,1428,2009-08-03 16:38:14,"cooperation.html","html"
748,644,1429,2009-08-04 02:13:34,"Edita Bobergs.docx","docx"
749,645,1430,2009-08-04 02:18:49,"E-mail.docx","docx"
750,646,1431,2009-08-04 03:33:55,"Páginas de Manual Colegio Farmaceuticos.pdf","pdf"
751,647,1432,2009-08-04 03:34:13,"screenshot website rce graz_GC logo.jpg","jpg"
752,648,1438,2009-08-04 20:58:35,"NEC.F_CSRReport_Sample.pdf","pdf"
753,649,1439,2009-08-05 02:58:27,"09.autumn.ebara.bulletin.pdf","pdf"
754,650,1440,2009-08-05 05:39:44,"Germany CSD Booklet .pdf","pdf"
755,651,1441,2009-08-05 08:07:44,"Aas_Logo.JPG","jpg"
756,652,1465,2009-08-05 16:40:34,"proposed location.doc","doc"
757,653,1467,2009-08-05 18:24:06,"NG_SR08_IBC.pdf","pdf"
758,654,1469,2009-08-06 00:16:07,"Inception â€Ž(Volunteer Partnerships for West Afri","htm"
759,655,1470,2009-08-06 00:27:47,"cert.pub","pub"
760,656,1471,2009-08-06 02:09:12,"sekisui_tentative0806.pdf","pdf"
761,657,1472,2009-08-06 04:45:15,"EP4834_EPSON_Brochure-qualité_03FLO090729.pdf","pdf"
762,658,1473,2009-08-06 09:48:35,"Charte RSE.doc","doc"
763,659,1480,2009-08-06 13:44:22,"NG_SR08_IBC.pdf","pdf"
764,660,1481,2009-08-06 14:20:31,"sample_website.gif","gif"
765,655,1482,2009-08-06 15:43:23,"cert.pdf","pdf"
766,661,1483,2009-08-07 00:11:27,"e13 2.pdf","pdf"
767,505,1484,2009-08-07 04:47:59,"SKMBT_C353 09080709411.pdf","pdf"
768,504,1485,2009-08-07 04:49:40,"SKMBT_C353 09080709410.pdf","pdf"
769,662,1486,2009-08-07 07:01:12,"P22-23_7 31.pdf","pdf"
770,655,1499,2009-08-07 15:09:26,"cert2.pdf","pdf"
771,654,1502,2009-08-09 20:17:44,"www.vpwa.org.pdf","pdf"
772,663,1503,2009-08-09 20:27:16,"card.jpg","jpg"
773,664,1504,2009-08-10 06:14:26,"Uniglas_logo_req.pdf","pdf"
774,665,1512,2009-08-10 15:25:55,"Dow GRI  COP report coverpage.doc","doc"
775,666,1514,2009-08-10 22:01:55,"Japan Energy CSR Report2009.doc","doc"
776,667,1515,2009-08-11 03:55:26,"image002.gif","gif"
777,423,1516,2009-08-11 09:13:02,"logo de apoyo al pacto.ppt","ppt"
778,668,1517,2009-08-11 09:55:07,"formationElusSociétairesécran Global Compact.ppt","ppt"
779,669,1523,2009-08-11 19:17:19,"mbcoiletterhead.pdf","pdf"
780,670,1524,2009-08-11 19:22:18,"x.pdf","pdf"
781,671,1525,2009-08-11 21:34:08,"GLOBAL COMPACT LOGO REQUEST - MERCK.pdf","pdf"
782,672,1526,2009-08-12 02:09:56,"kirin.doc","doc"
783,673,1527,2009-08-12 04:47:45,"Osborne Energy letterhead paper sample.doc","doc"
784,674,1528,2009-08-12 09:24:10,"HOME GORSEL.jpg","jpg"
785,675,1534,2009-08-13 00:40:26,"ä½å‹ç”Ÿå‘½p03_04_0812B.pdf","pdf"
786,676,1535,2009-08-13 00:44:50,"ä½å‹ç”Ÿå‘½p03_04_0812B.pdf","pdf"
787,677,1538,2009-08-13 14:04:16,"UNGC logo request sample.doc","doc"
788,678,1539,2009-08-13 21:13:28,"P",""
789,679,1540,2009-08-13 23:11:41,"GC logo_support.gif","gif"
790,680,1541,2009-08-14 05:58:50,"The extract of our Sustainability Report          ","doc"
791,681,1542,2009-08-16 21:04:52,"logo_csr report.pdf","pdf"
792,682,1543,2009-08-17 04:21:38,"TAYBURN COPRORATE BROCHURE PAGE 1.pdf","pdf"
793,683,1545,2009-08-17 10:09:15,"F-05-004 Charte ethique[1].doc","doc"
794,684,1554,2009-08-17 16:46:47,"SRI Proof 5 small.jpg","jpg"
795,685,1556,2009-08-18 01:11:43,"CSRreport(English)draft.pdf","pdf"
796,685,1556,2009-08-18 01:11:43,"CSRerport(Japanese)draft.pdf","pdf"
797,686,1557,2009-08-18 02:48:11,"Screen capture.doc","doc"
798,687,1560,2009-08-18 10:31:54,"ESR2008 UNGC Logo use video.png","png"
799,687,1560,2009-08-18 10:31:54,"ESR2008 UNGC Logo use internet.png","png"
800,687,1562,2009-08-18 10:45:21,"ESR2008 UNGC Logo use video.jpg","jpg"
801,688,1563,2009-08-18 11:47:37,"Partners.png","png"
802,423,1564,2009-08-18 12:28:09,"DSC00647.JPG","JPG"
803,423,1565,2009-08-18 12:28:31,"DSC00648.JPG","JPG"
804,689,1566,2009-08-18 13:02:20,"0.5kg organic rice- draft.jpg","jpg"
805,689,1566,2009-08-18 13:02:20,"1.5kg organic rice (bottle packaging) draft.jpg","jpg"
806,689,1566,2009-08-18 13:02:20,"multi-grain gift packaging - draft.jpg","jpg"
807,690,1567,2009-08-19 07:22:24,"ading-web-certificates.jpg","jpg"
808,691,1568,2009-08-19 09:49:32,"UN_Logo_request.ppt","ppt"
809,692,1576,2009-08-19 15:52:38,"mbcoiletterhead2.pdf","pdf"
810,688,1578,2009-08-19 17:44:31,"StrategicDreampartners.JPG","JPG"
811,693,1579,2009-08-19 22:06:26,"global.html","html"
812,694,1580,2009-08-20 03:32:20,"GC logo at Katowice Airport website.jpg","jpg"
813,695,1581,2009-08-20 11:08:25,"vlerick reflect_03_global compact.pdf","pdf"
814,696,1583,2009-08-20 12:18:12,"GC.docx","docx"
815,697,1584,2009-08-21 00:01:26,"sample_UNGC logo.ppt","ppt"
816,698,1585,2009-08-21 04:11:03,"clip_image002.jpg","jpg"
817,699,1586,2009-08-21 09:45:19,"Communication Global Compact 2009-V4.pdf","pdf"
818,693,1596,2009-08-21 13:36:12,"global.html","html"
819,693,1597,2009-08-21 13:38:47,"Site.rar","rar"
820,700,1598,2009-08-21 14:10:33,"site_seminário_RS_Unimed.doc","doc"
821,701,1600,2009-08-24 04:39:48,"P17.pdf","pdf"
822,702,1604,2009-08-24 15:43:59,"site_logomarcas.jpg","jpg"
823,703,1607,2009-08-24 22:21:56,"Sans titre.JPG","jpg"
824,704,1608,2009-08-25 00:07:00,"GC-logoposition.ppt","ppt"
825,705,1609,2009-08-25 05:23:20,"Handtekening ACS.doc","doc"
826,706,1610,2009-08-25 07:26:30,"20.005_codes_of_conduct.pdf","pdf"
827,707,1611,2009-08-25 07:59:31,"mono-sahkar.JPG","jpg"
828,708,1612,2009-08-25 09:38:55,"S&B_vindmøllebrochure_1.pdf","pdf"
829,709,1613,2009-08-25 09:46:20,"Global Compact tilladelse.doc","doc"
830,688,1614,2009-08-25 10:57:11,"Sponsor.JPG","JPG"
831,710,1625,2009-08-26 01:41:21,"Alto UNGC logo 0809.pdf","pdf"
832,711,1627,2009-08-26 03:51:41,"090825_imSept_CSRupdate.pdf","pdf"
833,712,1628,2009-08-26 05:29:56,"2009- website geodis (global compact).doc","doc"
834,713,1629,2009-08-26 06:59:56,"GC_Logo.doc","doc"
835,714,1630,2009-08-26 08:28:27,"Site.pdf","pdf"
836,715,1631,2009-08-26 10:12:37,"Global compact.JPG","jpg"
837,716,1632,2009-08-26 10:16:47,"UN GC Web.JPG","jpg"
838,717,1643,2009-08-26 20:22:54,"EBARA09.annual.report.jp.pdf","pdf"
839,718,1644,2009-08-26 20:25:40,"sumitomo corporation sustainability report.pdf","pdf"
840,719,1648,2009-08-27 11:06:54,"ExCeL_CSRbrochure08FINAL.pdf","pdf"
841,720,1649,2009-08-27 12:28:36,"website_english.png","png"
842,720,1649,2009-08-27 12:28:36,"website.png","png"
843,721,1650,2009-08-27 13:04:46,"GreetingCard_Fr_NEW.pdf","pdf"
844,722,1651,2009-08-27 15:13:44,"Doc1.doc","doc"
845,723,1652,2009-08-28 07:09:03,"screendump.doc","doc"
846,724,1653,2009-08-30 22:18:31,"UNGC of SeoulMetro.pdf","pdf"
847,725,1654,2009-08-31 02:32:26,"HNI Letterhead.doc","doc"
848,726,1655,2009-08-31 03:56:50,"UNGlobal Compact logo use in report 2008.docx","docx"
849,727,1656,2009-08-31 15:12:11,"10 PrincÃ­pios do Pacto Global.docx","docx"
850,728,1657,2009-09-01 02:14:54,"sustainability report cover.pdf","pdf"
851,729,1658,2009-09-01 02:32:38,"JFA_news_Sepï¼ˆSAMPLEï¼‰.pdf","pdf"
852,730,1659,2009-09-01 03:56:22,"Formarse.pdf","pdf"
853,731,1660,2009-09-01 13:02:48,"Autologica home page with Global Compact logo.jpg","jpg"
854,732,1661,2009-09-02 04:12:18,"CSR_Global Conpact_090902.doc","doc"
855,733,1662,2009-09-02 08:41:49,"CIWI_Leporello_EN.pdf","pdf"
856,734,1663,2009-09-02 10:46:08,"ex page.com pacte mondial.ppt","ppt"
857,735,1680,2009-09-02 15:59:00,"banner_meio_pacto global.jpg","jpg"
858,736,1681,2009-09-03 00:11:09,"EBARA NewsOct.pdf","pdf"
859,705,1682,2009-09-03 03:01:44,"UN_ACS_web page.jpg","jpg"
860,737,1683,2009-09-03 04:20:05,"Sharp ESR2009_CN.pdf","pdf"
861,737,1683,2009-09-03 04:20:05,"Sharp_ESR2009_EN.pdf","pdf"
862,738,1685,2009-09-03 15:22:51,"Biochamm -- Qualidade e certificações_125199902670","png"
863,739,1692,2009-09-03 16:38:03,"site ug.jpg","jpg"
864,740,1693,2009-09-03 23:33:38,"QHSE Doc with Logo.jpg","jpg"
865,741,1696,2009-09-04 12:08:50,"The Sustainability Booklet_Front back.pdf","pdf"
866,742,1697,2009-09-04 12:59:41,"envelope_verso.jpg","jpg"
867,743,1698,2009-09-04 15:44:46,"Logo_PG_Utilização.ppt","ppt"
868,744,1699,2009-09-06 04:13:31,"United Nations Global Compact- CSR report.docx","docx"
869,745,1700,2009-09-06 04:24:32,"Un for E-gaming awards.docx","docx"
870,746,1701,2009-09-06 21:34:53,"Dear Sirs.doc","doc"
871,747,1702,2009-09-06 22:16:55,"Business Card(Sample).JPG","jpg"
872,748,1703,2009-09-07 04:08:06,"Communication On Progress3 - vdef.doc","doc"
873,749,1704,2009-09-07 04:10:41,"Communication clients.doc","doc"
874,750,1705,2009-09-07 06:03:57,"sample copy.jpg","jpg"
875,751,1706,2009-09-07 10:32:59,"Global Compact screenshots_Crowne Plaza Copenhagen","docx"
876,751,1706,2009-09-07 10:32:59,"Press release_Global Compact_Crowne Plaza Copenhag","doc"
877,751,1706,2009-09-07 10:32:59,"Global Compact screenshots_Crowne Plaza Copenhagen","doc"
878,752,1707,2009-09-08 09:19:33,"Other office supllies.JPG","jpg"
879,753,1708,2009-09-08 09:24:07,"Other interactive media.JPG","jpg"
880,754,1709,2009-09-08 09:25:15,"Other event media.JPG","jpg"
881,755,1710,2009-09-08 16:38:15,"slidepactoglobal.ppt","ppt"
882,756,1711,2009-09-08 17:01:52,"Presentación2.jpg","jpg"
883,757,1713,2009-09-08 22:08:58,"In the community brochure UN.jpg","jpg"
884,758,1714,2009-09-09 04:00:49,"ä½å‹ç”Ÿå‘½p03_04_0907.pdf","pdf"
885,759,1715,2009-09-09 07:58:14,"COP_ 10 09 09.pdf","pdf"
886,760,1716,2009-09-09 08:39:59,"syst dev UNGD.doc","doc"
887,761,1717,2009-09-09 10:48:14,"TCI is a member of the United Nations Global Compa","doc"
888,762,1726,2009-09-09 12:54:20,"Supplier Relations_v7.pdf","pdf"
889,763,1728,2009-09-10 01:26:49,"News_Notable COP.pdf","pdf"
890,764,1729,2009-09-10 06:04:52,"Sustainability Brochure_FiNAL.pdf","pdf"
891,765,1730,2009-09-10 06:13:58,"Global Compact.doc","doc"
892,766,1731,2009-09-10 21:18:54,"card.jpg","jpg"
893,746,1732,2009-09-10 23:28:09,"Sustainability Report of Minmetals 2008ï¼ˆä¸­å›½äº","pdf"
894,767,1733,2009-09-11 03:00:56,"Lavola.pdf","pdf"
895,768,1734,2009-09-11 03:58:36,"RA 08 - TF1 pages DD.pdf","pdf"
896,769,1735,2009-09-11 05:19:57,"ENG Code of conduct.pdf","pdf"
897,770,1736,2009-09-11 06:26:15,"Smile Train and United Nations Global Compact.doc","doc"
898,771,1737,2009-09-11 10:53:22,"Davis Service Group Extranet Front Page.doc","doc"
899,772,1762,2009-09-11 13:22:19,"AboutSamCSR.doc","doc"
900,773,1769,2009-09-14 04:49:01,"Megasyc Colaboración.pdf","pdf"
901,774,1770,2009-09-14 04:51:42,"Megasyc Web.pdf","pdf"
902,775,1771,2009-09-14 05:53:45,"Global Compact Commitment_FR__10 09 09_.pdf","pdf"
903,776,1772,2009-09-14 06:02:11,"50mm x 120mm - Aymara main hangtag backside.pdf","pdf"
904,777,1773,2009-09-14 08:57:41,"global_eng.pdf","pdf"
905,778,1774,2009-09-14 19:36:04,"Sample use of GC logo.doc","doc"
906,779,1775,2009-09-14 21:48:15,"P2_090617-2.pdf","pdf"
907,780,1776,2009-09-14 21:51:59,"English P2.pdf","pdf"
908,781,1777,2009-09-15 04:35:08,"GClogoCSR2009E.pdf","pdf"
909,782,1778,2009-09-15 04:42:10,"GClogoCSR2009Eweb.pdf","pdf"
910,783,1779,2009-09-15 07:15:29,"UN_News.jpg","jpg"
911,784,1781,2009-09-15 11:44:21,"Immagine1.png","png"
912,785,1782,2009-09-15 14:22:28,"SRI Proof 1 - panel 1.jpg","jpg"
913,786,1783,2009-09-15 14:26:26,"shorterthecompactgoals&principles - BACK OF INSERT","pdf"
914,787,1784,2009-09-15 14:38:16,"WHY JOIN THE PAM NETWORK FINAL_Page_2.jpf","jpf"
915,788,1803,2009-09-16 02:05:02,"GC logo application  Tamron 20090916.doc","doc"
916,789,1804,2009-09-16 03:40:58,"Armacell's Communication on Progress Report 2009.p","pdf"
917,784,1805,2009-09-16 04:01:41,"Immagine2.png","png"
918,789,1806,2009-09-16 04:02:04,"Armacell's Communication on Progress Report 2009.p","pdf"
919,790,1807,2009-09-16 05:03:31,"0909Nessintranetscreenshot.jpg","jpg"
920,791,1808,2009-09-16 07:15:32,"vla_globalcompact.pdf","pdf"
921,792,1809,2009-09-16 08:17:23,"Le pacte mondial des Entreprises-Web.doc","doc"
922,793,1811,2009-09-16 11:13:56,"DG&A- Global Compact Logo.jpg","jpg"
923,794,1812,2009-09-16 13:10:00,"UNGC Logo screenshot.doc","doc"
924,795,1813,2009-09-16 13:27:30,"WHY JOIN THE PAM NETWORK 2 smaller.pdf","pdf"
925,796,1814,2009-09-16 15:28:08,"Logo_PG_Utilização_Intranet.ppt","ppt"
926,797,1815,2009-09-16 17:01:33,"2009 CSR Report Final White Cover.pdf","pdf"
927,798,1816,2009-09-17 06:04:09,"Logo Iberia.pdf","pdf"
928,799,1817,2009-09-17 10:46:41,"Power Guide_draft_page6GC.bmp","bmp"
929,800,1818,2009-09-17 18:09:49,"COP- MONEX GRUPO FINANCIERO 2009.pdf","pdf"
930,800,1818,2009-09-17 18:09:49,"Annual Report 2008.pdf","pdf"
931,801,1832,2009-09-21 02:42:19,"Global compact_ vestas web2.ppt","ppt"
932,802,1833,2009-09-21 02:45:25,"Global Compact_vestas_story_v4.doc","doc"
933,803,1834,2009-09-21 05:09:39,"Autorización Logo Serficoin.pdf","pdf"
934,804,1835,2009-09-21 07:48:30,"Scott Wilson UN_Global_Compact.jpg","jpg"
935,805,1836,2009-09-21 09:54:07,"Mobilitas - Global Compact_en.pdf","pdf"
936,805,1836,2009-09-21 09:54:07,"Mobilitas - Global Compact_fr.pdf","pdf"
937,806,1837,2009-09-21 13:35:44,"UN Globact Compact.jpg","jpg"
938,807,1838,2009-09-21 14:51:10,"Siena.jpg","jpg"
939,808,1839,2009-09-21 19:00:30,"Balance Social 1994-2006.pdf","pdf"
940,809,1840,2009-09-23 02:38:19,"Screen capture GC of the website.doc","doc"
941,810,1841,2009-09-23 06:38:52,"WL GCcommunication_140909_Low.pdf","pdf"
942,811,1842,2009-09-23 07:28:27,"example_corporate_website_Phoenix Contact_section_","doc"
943,812,1843,2009-09-23 09:38:25,"Web Site FundaciÃ³n Amanecer.bmp","bmp"
944,813,1844,2009-09-23 10:15:17,"AGS - Global Compact_en.pdf","pdf"
945,813,1844,2009-09-23 10:15:17,"AGS - Global Compact_fr.pdf","pdf"
946,814,1845,2009-09-23 11:43:12,"Borrador Memoria RSC Multicaja.pdf","pdf"
947,815,1846,2009-09-23 11:43:57,"Borrador Intranet  Multicaja.pdf","pdf"
948,816,1847,2009-09-23 20:52:27,"Takuma CSR Report 2009 Sample.pdf","pdf"
949,817,1848,2009-09-24 01:12:27,"09_09_24_Responsible_Investment_Policy.ppt","ppt"
950,818,1849,2009-09-24 01:28:44,"arxa variant 4.jpg","jpg"
951,819,1850,2009-09-24 03:50:40,"Back.jpg","jpg"
952,819,1850,2009-09-24 03:50:40,"Front.jpg","jpg"
953,820,1851,2009-09-24 09:55:55,"Logo_PG_Utilização_Other Report (Press Release).pp","ppt"
954,821,1852,2009-09-24 10:03:10,"Logo_PG_Utilização_Financial Report (Annual).ppt","ppt"
955,822,1853,2009-09-24 11:23:24,"global_compact_GB.pdf","pdf"
956,823,1854,2009-09-24 11:37:33,"web-socomec.jpg","jpg"
957,824,1855,2009-09-25 02:15:28,"Folder Information sample.pdf","pdf"
958,825,1856,2009-09-25 03:58:13,"CCC 2010.pdf","pdf"
959,826,1857,2009-09-25 05:04:10,"Cata_DAD.pdf","pdf"
960,827,1858,2009-09-25 05:43:38,"10 - Le Pacte Mondial - The Global Compact.doc","doc"
961,828,1859,2009-09-25 15:27:43,"blank.txt","txt"
962,829,1860,2009-09-26 10:07:53,"REVISTA  ETICA.doc","doc"
963,830,1861,2009-09-27 22:50:31,"CSK_AnnualReport.pdf","pdf"
964,831,1862,2009-09-27 22:52:33,"Poster_GlobalCompact.pdf","pdf"
965,832,1863,2009-09-28 00:33:54,"Japan Energy CSR Report2009(print edition).doc","doc"
966,833,1864,2009-09-28 00:38:44,"UNGC LOGO.xls","xls"
967,834,1865,2009-09-28 03:01:54,"arval_DVD_250909 (2).pdf","pdf"
968,835,1866,2009-09-28 04:47:42,"Corporate Social Responsibility.doc","doc"
969,836,1867,2009-09-28 06:19:13,"Firma Mnemo.pdf","pdf"
970,837,1868,2009-09-28 06:28:44,"Ismobel Borrador Catálogo.pdf","pdf"
971,838,1869,2009-09-28 06:29:37,"Ismobel Borrador Carta.pdf","pdf"
972,839,1870,2009-09-28 11:30:57,"090907 Nuevas empresarias - Selecta.pdf","pdf"
973,808,1880,2009-09-28 19:09:49,"Publicación reporte global compact.pdf","pdf"
974,840,1881,2009-09-28 23:10:28,"Asahi Shimbun 1.doc","doc"
975,840,1881,2009-09-28 23:10:28,"Asahi Shimbun 2.jpg","jpg"
976,840,1881,2009-09-28 23:10:28,"Asahi Shimbun 3.jpg","jpg"
977,841,1882,2009-09-29 01:34:57,"how the logo will be used.docx","docx"
978,841,1882,2009-09-29 01:34:57,"Asahi Shimbun 1.doc","doc"
979,841,1882,2009-09-29 01:34:57,"New= Asahi Shimbun 2.pdf","pdf"
980,841,1882,2009-09-29 01:34:57,"New=Asahi Shimbun 3.pdf","pdf"
981,842,1884,2009-09-29 04:25:51,"steppen_homepage.jpg","jpg"
982,843,1885,2009-09-29 04:54:57,"Company Letter.doc","doc"
983,844,1886,2009-09-29 09:02:00,"Nexans commits to the Global Compact.docx","docx"
984,845,1887,2009-09-29 10:16:57,"Memoria Kutxa Gupizcoa.pdf","pdf"
985,846,1888,2009-09-29 11:41:36,"PamFall09NewsInsert Final Proof.pdf","pdf"
986,847,1889,2009-09-29 12:03:46,"PAMFall09Newsletter - Final Proof.pdf","pdf"
987,848,1896,2009-09-30 05:28:22,"ExampleYB2008_ YB2009notalreadyready.pdf","pdf"
988,848,1896,2009-09-30 05:28:22,"textnews.doc","doc"
989,849,1897,2009-09-30 05:31:02,"ImprEcran.doc","doc"
990,850,1899,2009-09-30 11:14:04,"WebSerficoin.pdf","pdf"
991,851,1900,2009-09-30 11:15:50,"Papelería Serficoin.pdf","pdf"
992,852,1901,2009-09-30 15:48:44,"HRC se adhiere al Pacto Global.doc","doc"
993,853,1902,2009-10-01 00:32:42,"CSR Report 04-05.pdf","pdf"
994,853,1902,2009-10-01 00:32:42,"CSR Report Cover1-4.pdf","pdf"
995,854,1903,2009-10-01 04:42:22,"Charte d'engagement RSE.jpg","jpg"
996,855,1904,2009-10-01 09:06:01,"Démarche Développement durable Potel et chabot sep","doc"
997,856,1905,2009-10-01 09:09:05,"Démarche Développement durable Saint Clair le Trai","doc"
998,857,1906,2009-10-01 09:49:56,"modelo Lions Global compact Araucaria.jpg","jpg"
999,858,1907,2009-10-01 11:12:15,"global compact 2009.pdf","pdf"
1000,859,1908,2009-10-01 11:14:06,"web-socomec.jpg","jpg"
1001,860,1909,2009-10-02 03:01:41,"MAPT_website_dummy.jpg","jpg"
1002,861,1910,2009-10-02 03:26:23,"Takuma CSR Report 2009 Sample.pdf","pdf"
1003,862,1911,2009-10-02 06:17:07,"00126_Environment_brochure_UK.pdf","pdf"
1004,862,1911,2009-10-02 06:17:07,"00126_Environment_brochure_DK.pdf","pdf"
1005,863,1912,2009-10-02 08:26:31,"LCC UNGC Letter.pdf","pdf"
1006,864,1917,2009-10-02 12:26:56,"logo.jpg","jpg"
1007,865,1922,2009-10-02 15:54:55,"Logo in PPT.doc","doc"
1008,866,1932,2009-10-05 03:52:10,"ici_website.pdf","pdf"
1009,867,1933,2009-10-05 04:13:26,"ici_businesscard.pdf","pdf"
1010,868,1934,2009-10-05 10:38:37,"FormarseDOC INSTITUCIONAL_Sample.pdf","pdf"
1011,869,1935,2009-10-05 10:40:37,"Formarse WEB_Sample.pdf","pdf"
1012,870,1936,2009-10-05 10:41:36,"FormarseEMAIL_Sample.pdf","pdf"
1013,871,1945,2009-10-05 11:55:39,"Firma Mnemo.ppt","ppt"
1014,463,1998,2009-10-06 05:26:12,"Policies & Commitments no website.doc","doc"
1015,864,1999,2009-10-06 08:21:22,"J&K Broucher12De.doc","doc"
1016,476,2016,2009-10-06 11:41:28,"Isa_Logo_slogan_Ing_Pos.jpg","jpg"
1017,872,2027,2009-10-06 16:17:54,"Comunicado de Adhesion al PG.gif","gif"
1018,873,2028,2009-10-06 19:09:53,"http_www.emcapitalmanagement.pdf","pdf"
1019,825,2029,2009-10-07 00:01:09,"CCC 2010.pdf","pdf"
1020,856,2031,2009-10-07 04:23:53,"Démarche Développement durable Saint Clair le Trai","doc"
1021,843,2032,2009-10-07 04:32:00,"Company Letter_UN logo.doc","doc"
1022,874,2033,2009-10-07 05:04:45,"IBL Business Card.JPG","jpg"
1023,813,2034,2009-10-07 05:09:39,"ags_global_compact_en.pdf","pdf"
1024,813,2035,2009-10-07 05:11:21,"ags_global_compact_fr.pdf","pdf"
1025,665,2046,2009-10-07 12:51:57,"Dow Sustainability Collaboration Slidel.ppt","ppt"
1026,875,2053,2009-10-08 05:30:33,"Sample_Probably_with_less_text.jpg","jpg"
1027,876,2054,2009-10-08 06:30:42,"logo_WS_GC_website.doc","doc"
1028,877,2055,2009-10-08 08:56:15,"Home - Pacto Global.JPG","jpg"
1029,878,2056,2009-10-08 09:31:40,"pag 4 UN Global Compact.docx","docx"
1030,878,2056,2009-10-08 09:31:40,"Magnetised 2009-02 (UK).pdf","pdf"
1031,879,2057,2009-10-08 09:34:47,"Pacto Global_site 01.doc","doc"
1032,880,2062,2009-10-08 13:26:36,"Cemig_Apimec_09_DVP_ing.pdf","pdf"
1033,881,2066,2009-10-09 02:44:00,"My Maxibit Â» Blog Archive Â» UN Global Compact An","htm"
1034,882,2068,2009-10-09 09:59:09,"using logo GC.doc","doc"
1035,864,2071,2009-10-09 11:37:14,"J&K Broucher12De.doc","doc"
1036,864,2073,2009-10-09 13:19:20,"scan0010.pdf","pdf"
1037,883,2075,2009-10-09 15:14:28,"global_compact.pdf","pdf"
1038,884,2079,2009-10-12 03:08:10,"Example for UNGC.jpg","jpg"
1039,885,2080,2009-10-12 04:46:40,"Website.doc","doc"
1040,860,2081,2009-10-12 05:13:20,"MAPT_website_dummy_GC.jpg","jpg"
1041,886,2082,2009-10-12 07:39:22,"UNGC site.jpg","jpg"
1042,887,2083,2009-10-12 07:44:18,"Artikel UNGC Sample.doc","doc"
1043,888,2084,2009-10-12 09:23:39,"Logo Final GEF 180209.jpg","jpg"
1044,889,2091,2009-10-13 12:03:37,"EDISON GLOBAL COMPACT.doc","doc"
1045,890,2092,2009-10-13 12:08:18,"EDISON GLOBAL COMPACT.doc","doc"
1046,891,2095,2009-10-14 05:04:35,"Log use on website.doc","doc"
1047,892,2096,2009-10-14 05:16:13,"plantilla web Cartay.pdf","pdf"
1048,893,2097,2009-10-14 05:18:10,"Cartay plantilla tarjeta+sobre.pdf","pdf"
1049,894,2099,2009-10-14 09:38:40,"HOTELERIE.jpg","jpg"
1050,895,2108,2009-10-14 12:06:57,"isdefe_logo_globalcompact.pdf","pdf"
1051,896,2111,2009-10-15 04:40:19,"apwinc_busimesscard(sample).jpg","jpg"
1052,896,2111,2009-10-15 04:40:19,"apwinc letter(sample).doc","doc"
1053,857,2112,2009-10-15 07:15:36,"QSLCard.zip","zip"
1054,897,2113,2009-10-15 13:31:59,"http.doc","doc"
1055,898,2114,2009-10-15 14:03:38,"Reform GO for Change logo[1].docx","docx"
1056,899,2118,2009-10-15 18:02:16,"Deloitte CR report_UNGC logo request.pdf","pdf"
1057,900,2119,2009-10-15 19:41:09,"Aviso 1.pptx","pptx"
1058,878,2120,2009-10-16 09:14:08,"093461 MAGN 03-09 EN D3.pdf","pdf"
1059,901,2125,2009-10-16 14:19:01,"hkherp_website.jpg","jpg"
1060,902,2127,2009-10-17 09:10:28,"axes_management.pdf","pdf"
1061,903,2128,2009-10-18 21:46:58,"banner242_UNGC.GIF","gif"
1062,903,2128,2009-10-18 21:46:58,"bannerAP_UNGC.GIF","gif"
1063,841,2129,2009-10-18 22:47:54,"Summary of study meeting@about GC@091018.doc","doc"
1064,904,2130,2009-10-19 04:20:38,"sample_web2.JPG","jpg"
1065,905,2131,2009-10-19 07:08:44,"Business Report of Osaka Gas excerpt.ppt","ppt"
1066,905,2131,2009-10-19 07:08:44,"article on the GC Notable COP.doc","doc"
1067,844,2137,2009-10-19 09:50:05,"Logo GC-Internet CSR Nexans.jpg","jpg"
1068,906,2139,2009-10-19 15:50:01,"Sample Ltrhead_MDGCC.pages","pages"
1069,906,2140,2009-10-19 15:52:51,"Sample_Ltrhead_MDGCC.pdf","pdf"
1070,907,2141,2009-10-19 17:46:56,"website-verantwortung.bmp","bmp"
1071,900,2144,2009-10-19 19:36:48,"Comunicado Interno N.1.ppt","ppt"
1072,908,2145,2009-10-20 03:57:30,"General Presentation - As green as it gets version","ppt"
1073,909,2159,2009-10-20 17:12:06,"funpadem.org-Global Compact.jpg","jpg"
1074,910,2161,2009-10-21 06:12:22,"use of logo1.doc","doc"
1075,911,2162,2009-10-21 06:16:44,"netværk version okt 2009.pdf","pdf"
1076,912,2165,2009-10-21 10:35:35,"UNGC Intranet announcement sample 1.jpg","jpg"
1077,912,2165,2009-10-21 10:35:35,"UNGC Intranet announcement sample 2.jpg","jpg"
1078,909,2182,2009-10-21 16:18:03,"funpapadem_united nations.jpg","jpg"
1079,913,2184,2009-10-21 17:08:22,"Proposal Letter.pdf","pdf"
1080,914,2187,2009-10-21 21:04:28,"GClogo_req2.pdf","pdf"
1081,915,2188,2009-10-21 21:08:30,"GC_logo_req1.pdf","pdf"
1082,915,2189,2009-10-21 21:16:35,"GC_logo_req1.pdf","pdf"
1083,916,2190,2009-10-21 21:43:52,"OLYReceptionLogo.pdf","pdf"
1084,917,2198,2009-10-22 10:05:42,"CVSust_screenshot.jpg","jpg"
1085,918,2202,2009-10-22 12:19:10,"Employee Newsletter.jpg","jpg"
1086,919,2204,2009-10-22 13:31:12,"5850_Embraco_Calendario_2010_mesa_H.pdf","pdf"
1087,920,2207,2009-10-23 04:30:03,"Global Compact Executive.doc","doc"
1088,921,2208,2009-10-23 06:07:25,"Banner YES 400 cm x 120 cm.jpg","jpg"
1089,921,2208,2009-10-23 06:07:25,"Banner pelatihan UKM,   3 x 1,2 mt.jpg","jpg"
1090,922,2209,2009-10-23 06:10:38,"Backdrop Code of conduct, bandung copy.jpg","jpg"
1091,923,2210,2009-10-23 08:28:17,"Pagina logo 231009.doc","doc"
1092,924,2211,2009-10-23 08:45:01,"PT5T_ZW5B.jpg","jpg"
1093,906,2212,2009-10-23 09:34:37,"Sample_MDGCC_2.pdf","pdf"
1094,925,2215,2009-10-23 12:43:48,"11. COP 2008.pdf","pdf"
1095,925,2215,2009-10-23 12:43:48,"3.4 Alianzas estratégicas.pdf","pdf"
1096,926,2216,2009-10-23 14:06:33,"Picture 1.png","png"
1097,927,2217,2009-10-23 17:07:06,"Pacto Global Naciones Unidas 2009 jlt copia.doc","doc"
1098,928,2218,2009-10-26 00:20:30,"GC Logo request.pdf","pdf"
1099,929,2219,2009-10-26 07:55:26,"FormarseCÓDIGO DE ÉTICA.pdf","pdf"
1100,930,2229,2009-10-26 13:18:16,"091026_Memo re. UNGC internet announcement.doc","doc"
1101,931,2231,2009-10-26 13:50:08,"final_folder_exportacao_externo_copy.jpg","jpg"
1102,932,2232,2009-10-27 03:54:05,"stationary_agsdomtom.pdf","pdf"
1103,932,2232,2009-10-27 03:54:05,"stationary_agseurope.pdf","pdf"
1104,932,2232,2009-10-27 03:54:05,"stationary_agsfourwinds.pdf","pdf"
1105,932,2232,2009-10-27 03:54:05,"stationary_agsfrance.pdf","pdf"
1106,932,2232,2009-10-27 03:54:05,"stationary_agsfrasers.pdf","pdf"
1107,933,2233,2009-10-27 03:56:23,"Global Compact Executive Relocations_EN - Edited N","pdf"
1108,934,2234,2009-10-27 05:09:17,"Alanta Website.pdf","pdf"
1109,935,2235,2009-10-27 08:08:08,"Global compact.jpg","jpg"
1110,936,2236,2009-10-27 09:49:49,"Osborne Energy letterhead paper NEW.doc","doc"
1111,937,2238,2009-10-27 09:55:59,"información FM  (ejecutivo) 2009.doc","doc"
1112,750,2239,2009-10-27 10:15:42,"Corporate Commitment.doc","doc"
1113,938,2240,2009-10-27 11:59:12,"maquette page DD.pdf","pdf"
1114,939,2241,2009-10-27 12:03:16,"FOLDER DINAMICA EJ02.jpg","jpg"
1115,940,2242,2009-10-27 12:10:10,"Nova PadronizaÃ§Ã£o Externa - Retrato.doc","doc"
1116,941,2243,2009-10-27 13:11:38,"Home-Foundation+globalcompact.JPG","jpg"
1117,941,2243,2009-10-27 13:11:38,"News+globalcompact.JPG","jpg"
1118,903,2247,2009-10-27 20:48:41,"Mock-ups for UNGC.doc","doc"
1119,942,2248,2009-10-28 07:53:29,"news_l-auto_curve.jpg","jpg"
1120,943,2249,2009-10-28 07:54:27,"Finar_Kurumsal_web.jpg","jpg"
1121,944,2250,2009-10-28 07:58:45,"FKR_15+.pdf","pdf"
1122,945,2262,2009-10-28 10:23:55,"Fundación Mamonal  Comunidad en Desarrollo.mht","mht"
1123,946,2263,2009-10-28 10:43:10,"Cartagena  El Universal.mht","mht"
1124,947,2264,2009-10-28 11:04:08,"Lindab Life_6.0_EN.pdf","pdf"
1125,948,2265,2009-10-28 11:27:33,"Hitachi_GC logo for internal magazine.doc","doc"
1126,949,2267,2009-10-28 18:29:58,"COP - Sustainability Report of New Ventures Mexico","docx"
1127,950,2268,2009-10-29 06:32:41,"Annual Review and Sustainability Report 2008.pdf","pdf"
1128,951,2278,2009-10-29 11:03:12,"Screenshot_red.jpg","jpg"
1129,952,2280,2009-10-29 11:04:13,"Signatur_red.jpg","jpg"
1130,953,2282,2009-10-29 11:06:33,"Screenshot_green.jpg","jpg"
1131,954,2283,2009-10-29 11:07:19,"Signatur_green.jpg","jpg"
1132,949,2284,2009-10-29 11:16:20,"Extract COP-New Ventures Mexico Sustainability Rep","doc"
1133,955,2286,2009-10-29 11:19:10,"Institucional Ingeniería Siri Consultora SA.pdf","pdf"
1134,956,2294,2009-10-29 23:04:31,"Global Compact Logo Position.pdf","pdf"
1135,957,2296,2009-10-30 05:06:13,"Grupo CIS Página WEB.pdf","pdf"
1136,958,2297,2009-10-30 06:34:43,"Fiche 4 Pacte Mondial.pdf","pdf"
1137,937,2305,2009-10-30 10:48:55,"información FM  (ejecutivo) 2009.doc","doc"
1138,932,2306,2009-10-30 10:55:11,"stationary_agsdomtom2.pdf","pdf"
1139,932,2308,2009-10-30 11:08:59,"stationary_agseurope2.pdf","pdf"
1140,932,2309,2009-10-30 11:10:19,"stationary_agsfourwinds2.pdf","pdf"
1141,932,2310,2009-10-30 11:10:48,"stationary_agsfrasers2.pdf","pdf"
1142,932,2311,2009-10-30 11:12:14,"stationary_agsfrance2.pdf","pdf"
1143,945,2316,2009-10-30 16:01:28,"GLOBAL COMPACT LOGO AT FM WEBPAGE.ppt","ppt"
1144,959,2317,2009-10-30 16:24:10,"SAMPLE - FONDAZIONE SERENISSIMA.doc","doc"
1145,960,2318,2009-10-30 16:32:05,"SAMPLE - FONDAZIONE SERENISSIMA FOR WEB SITE.doc","doc"
1146,961,2319,2009-10-30 17:00:02,"24-JCI CSR Slides ENG-1.0-OPEN.ppt","ppt"
1147,961,2319,2009-10-30 17:00:02,"24-JCI CSR Certificate ENG-LETTER.doc","doc"
1148,961,2319,2009-10-30 17:00:02,"24-JCI CSR Manual ENG-1.0.doc","doc"
1149,959,2326,2009-10-31 05:58:57,"SAMPLE - FONDAZIONE SERENISSIMA.doc","doc"
1150,960,2327,2009-11-01 11:54:20,"Richiesta Logo web site.pdf","pdf"
1151,962,2328,2009-11-01 22:17:30,"5811 Corporate Responsibility Report_Pg17.pdf","pdf"
1152,963,2329,2009-11-02 00:18:50,"GClogoRequestJPN.pdf","pdf"
1153,964,2330,2009-11-02 03:24:54,"091103 Bulletin UN GLOBAL COMPACT.pdf","pdf"
1154,965,2331,2009-11-02 03:49:39,"SimónHolding Memoria.pdf","pdf"
1155,750,2333,2009-11-02 06:17:56,"UN global compact.JPG","JPG"
1156,966,2334,2009-11-02 06:44:59,"PRESENTACION_Incotec_PM.pdf","pdf"
1157,967,2335,2009-11-02 06:51:39,"shidairen_forum.ppt","ppt"
1158,968,2336,2009-11-02 12:04:26,"MCI_Report_2009.pdf","pdf"
1159,969,2337,2009-11-02 12:06:53,"our_csr_vision.aspx.htm","htm"
1160,970,2346,2009-11-03 10:35:16,"folder_artefatos.pdf","pdf"
1161,971,2347,2009-11-03 15:37:41,"poster OCISC.jpg","jpg"
1162,946,2348,2009-11-03 15:57:38,"noticia pacto global fundacion mamonal - ileana.do","doc"
1163,972,2349,2009-11-03 16:01:23,"BOLETIN ANDI SEPTIEMBRE - OCTUBRE 2009.doc","doc"
1164,973,2350,2009-11-04 01:13:09,"Mentor Training Brochure v4.pdf","pdf"
1165,974,2351,2009-11-04 02:57:17,"Archiv Sytem_Business Card_50x90_FR_final.pdf","pdf"
1166,975,2352,2009-11-04 02:59:46,"archiv systems letterhead 277x196 FR.pdf","pdf"
1167,976,2353,2009-11-04 04:31:04,"AGS_EN_scroll.pdf","pdf"
1168,976,2353,2009-11-04 04:31:04,"AGS_FR_scroll.pdf","pdf"
1169,976,2353,2009-11-04 04:31:04,"Mobilitas_EN_scroll_low.pdf","pdf"
1170,976,2353,2009-11-04 04:31:04,"Mobilitas_FR_scroll_low.pdf","pdf"
1171,909,2354,2009-11-04 11:07:24,"New version logo FUNPADEM.jpg","jpg"
1172,977,2366,2009-11-05 08:41:23,"Communication on Progress Coloplast 2009.pdf","pdf"
1173,978,2367,2009-11-05 09:31:33,"DSC00740.JPG","jpg"
1174,979,2368,2009-11-05 15:44:17,"Loma Negra website.JPG","jpg"
1175,980,2369,2009-11-05 16:18:57,"Banco de Credito de Bolivia.pdf","pdf"
1176,707,2375,2009-11-06 01:53:11,"sswa-gc-logo.JPG","JPG"
1177,981,2376,2009-11-06 01:56:34,"sswa-gc-logo.JPG","jpg"
1178,982,2377,2009-11-06 03:52:50,"CRS2.pdf","pdf"
1179,983,2378,2009-11-06 04:01:24,"AchillesCorporatePresentation-InternetAvailable.pp","pptx"
1180,984,2379,2009-11-06 04:57:19,"111006 UNGC A4 Cover.pdf","pdf"
1181,985,2384,2009-11-09 03:23:20,"Global Compact Demepool_FR.pdf","pdf"
1182,986,2385,2009-11-09 04:01:08,"Global Compact Europe_EN__09 11 09_.pdf","pdf"
1183,986,2385,2009-11-09 04:01:08,"Global Compact Europe_FR__09 11 09_.pdf","pdf"
1184,986,2385,2009-11-09 04:01:08,"Global Compact Frasers_EN__09 11 09_.pdf","pdf"
1185,986,2385,2009-11-09 04:01:08,"Global Compact Frasers_FR__09 11 09_.pdf","pdf"
1186,986,2385,2009-11-09 04:01:08,"Global Compact FW_EN__09 11 09_.pdf","pdf"
1187,986,2385,2009-11-09 04:01:08,"Global Compact FW_FR__09 11 09_.pdf","pdf"
1188,944,2386,2009-11-09 07:59:40,"FKR_15+_gc logo.pdf","pdf"
1189,987,2387,2009-11-09 09:48:26,"Site_VG_home.bmp","bmp"
1190,987,2387,2009-11-09 09:48:26,"Site_VG_servicos.JPG","jpg"
1191,988,2388,2009-11-09 18:33:04,"1106_CSR2009_E_04-05.pdf","pdf"
1192,989,2389,2009-11-10 02:57:54,"lion logo request 091110.pdf","pdf"
1193,990,2390,2009-11-10 03:26:38,"lion logo request 091110.pdf","pdf"
1194,991,2391,2009-11-10 03:31:03,"lion logo request 091110.pdf","pdf"
1195,992,2392,2009-11-10 03:34:44,"lion logo request 091110.pdf","pdf"
1196,993,2393,2009-11-10 06:26:21,"Grand Prix de l'Environnement.webarchive","webarchive"
1197,994,2394,2009-11-10 07:31:30,"domtom.jpg","jpg"
1198,994,2394,2009-11-10 07:31:30,"europeEng.jpg","jpg"
1199,994,2394,2009-11-10 07:31:30,"europeFr.jpg","jpg"
1200,994,2394,2009-11-10 07:31:30,"fourWindsEng.jpg","jpg"
1201,994,2394,2009-11-10 07:31:30,"fourWindsFr.jpg","jpg"
1202,994,2394,2009-11-10 07:31:30,"franceEng.jpg","jpg"
1203,994,2394,2009-11-10 07:31:30,"franceFr.jpg","jpg"
1204,994,2394,2009-11-10 07:31:30,"fraserFR.jpg","jpg"
1205,994,2394,2009-11-10 07:31:30,"frasersEng.jpg","jpg"
1206,995,2395,2009-11-10 10:19:25,"BCD Travel ISO Audit Presentation.ppt","ppt"
1207,996,2396,2009-11-10 10:25:45,"Finar_Kurumsal_web.JPG","jpg"
1208,997,2397,2009-11-10 10:39:50,"Pacto01Royal.JPG","jpg"
1209,998,2400,2009-11-10 10:46:03,"Modelo de COP2009 com inserção de logo UN - Royal ","ppt"
1210,999,2404,2009-11-10 10:55:08,"Bombardier_extract of 2009 CSR Report.pdf","pdf"
1211,1000,2409,2009-11-10 11:41:12,"Bombardier_Extract online 2009 CSR Report.pdf","pdf"
1212,903,2412,2009-11-10 21:02:50,"Mock-ups for UNGC VII.doc","doc"
1213,1001,2413,2009-11-10 23:24:10,"UNGC page SC Report 2009.ppt","ppt"
1214,1002,2414,2009-11-11 01:56:24,"semiannual_business_report.pdf","pdf"
1215,1003,2415,2009-11-11 07:33:57,"QE Screen.doc","doc"
1216,1004,2427,2009-11-11 14:19:12,"CAPITULO3.pdf","pdf"
1217,1004,2427,2009-11-11 14:19:12,"CAPITULO12.pdf","pdf"
1218,1005,2433,2009-11-11 18:24:21,"MINISTERIO DE EDUCACION MURAL CAMBIOS 1.jpg","jpg"
1219,1001,2438,2009-11-11 18:48:32,"UNGC page SC Report 2009b.ppt","ppt"
1220,1006,2439,2009-11-12 03:07:34,"200910ã€€UNGC in-house training material English.p","ppt"
1221,750,2440,2009-11-12 03:12:18,"CSR copy.jpg","jpg"
1222,1007,2441,2009-11-12 04:33:59,"front page.pdf","pdf"
1223,1008,2442,2009-11-12 04:38:05,"global compact.pdf","pdf"
1224,1009,2443,2009-11-12 07:10:12,"Slides Global Compact.pps","pps"
1225,987,2444,2009-11-12 08:01:44,"Site_VG_logo_UN.JPG","JPG"
1226,1010,2446,2009-11-12 18:44:58,"lion logo request 091110.pdf","pdf"
1227,1011,2447,2009-11-12 18:50:12,"lion logo request 091110.pdf","pdf"
1228,1012,2451,2009-11-13 01:39:26,"LOGO GLOBAL COMPACT1.JPG","jpg"
1229,1013,2452,2009-11-13 04:26:57,"091113_SH_interim_report.pdf","pdf"
1230,1013,2452,2009-11-13 04:26:57,"091113_SH_interim_report_English.doc","doc"
1231,1014,2453,2009-11-13 08:28:36,"Caixanova.pdf","pdf"
1232,1015,2471,2009-11-15 19:58:24,"New SAI BLANK Fax.doc","doc"
1233,1015,2471,2009-11-15 19:58:24,"New SAI BLANK Letterhead.doc","doc"
1234,1016,2472,2009-11-16 02:02:28,"UNGC sample page CS Rept.rtf","rtf"
1235,1017,2473,2009-11-16 08:07:04,"logo example 1.pdf","pdf"
1236,1018,2474,2009-11-16 09:45:02,"Universidad de Cantabria WEB.pdf","pdf"
1237,1019,2475,2009-11-16 09:46:21,"Sample Global_Compact_Logo Layout on Goldas Websit","doc"
1238,1020,2476,2009-11-16 12:40:07,"PACTO GLOBAL texto final.doc","doc"
1239,1021,2480,2009-11-17 00:15:45,"091117ã€€Logo request.doc","doc"
1240,1022,2481,2009-11-17 05:58:30,"T254WGWS - Code of Conduct (UK) versie 16-11-2009 ","doc"
1241,1023,2482,2009-11-17 08:35:50,"ResponsabilitÃ© Sociale et Environnementale.pdf","pdf"
1242,979,2483,2009-11-17 09:19:53,"UNGC logo in Loma Negra website.pdf","pdf"
1243,1024,2486,2009-11-17 10:03:37,"engagements de la societe A.S.P.doc","doc"
1244,1025,2487,2009-11-17 10:09:04,"attestations sur l'honneur.doc","doc"
1245,1020,2488,2009-11-17 10:31:04,"Diseño a publicar.doc","doc"
1246,1026,2495,2009-11-18 02:52:00,"Sustainability Report 2009 (Nippon Paper).doc","doc"
1247,1027,2496,2009-11-18 03:47:07,"Nivethan website.doc","doc"
1248,1028,2497,2009-11-18 06:13:20,"pages cath.pdf","pdf"
1249,1029,2498,2009-11-18 10:47:53,"Soziale Verantwortung.pdf","pdf"
1250,1030,2499,2009-11-18 11:40:06,"Sample biz card mdgcc.tiff","tiff"
1251,1031,2514,2009-11-18 18:57:59,"091117 lion logo request.ppt","ppt"
1252,1032,2515,2009-11-19 01:57:35,"plaquette Executive 2009 with GC logo.pdf","pdf"
1253,1033,2516,2009-11-19 02:05:00,"Archiv Sytem_Business Card_50x90_FR_final.pdf","pdf"
1254,1033,2516,2009-11-19 02:05:00,"Archiv Sytem_Business Card_50x90_FR_final_African ","pdf"
1255,1033,2516,2009-11-19 02:05:00,"archiv systems comp_CS3_FR_final.pdf","pdf"
1256,1034,2517,2009-11-19 02:06:47,"Executive Relocations_Business Cards_GC_Nov 09.pdf","pdf"
1257,1035,2518,2009-11-19 02:08:11,"Executive Relocations_Letterhead_GC_nov09_fr_lowre","pdf"
1258,1035,2518,2009-11-19 02:08:11,"Executive Relocations_Compliment Slip_GC_Nov09_fr_","pdf"
1259,1036,2519,2009-11-19 03:14:56,"UN global compact logo.doc","doc"
1260,1037,2520,2009-11-19 03:43:42,"official letterhead.doc","doc"
1261,1038,2521,2009-11-19 03:52:55,"UN global compact logo.doc","doc"
1262,1039,2522,2009-11-19 03:57:38,"UN global compact logo.doc","doc"
1263,1040,2523,2009-11-19 08:54:15,"invoice-1.xls","xls"
1264,1041,2524,2009-11-19 09:04:18,"Site internet communication Pacte Mondial de l'ONU","docx"
1265,1042,2530,2009-11-19 11:29:15,"Aastras_Social__Environment_Compliance_Strategy_Br","pdf"
1266,1043,2531,2009-11-19 12:09:08,"091112_EON Graduate Poster.pdf","pdf"
1267,1044,2548,2009-11-19 20:18:21,"P",""
1268,1045,2551,2009-11-20 04:46:16,"091120_HP renewal.xls","xls"
1269,1041,2552,2009-11-20 05:16:37,"Site internet communication Pacte Mondial de l'ONU","doc"
1270,1046,2553,2009-11-20 05:19:42,"Sasol SD 2009~Final 19 Nov 2009.pdf","pdf"
1271,1047,2554,2009-11-20 09:33:17,"consumer_cover_back.pdf","pdf"
1272,1048,2555,2009-11-20 09:41:06,"folders_gc.pdf","pdf"
1273,1049,2566,2009-11-23 05:19:14,"Global compact principles.jpg","jpg"
1274,1049,2566,2009-11-23 05:19:14,"Global compact principles - Norsk.jpg","jpg"
1275,1050,2567,2009-11-23 06:04:31,"www.compactforlife.com.jpg","jpg"
1276,1051,2568,2009-11-23 07:47:25,"CommonwealthDay2009Reports.htm","htm"
1277,1052,2569,2009-11-24 03:36:00,"official letterhead1.doc","doc"
1278,1053,2570,2009-11-24 03:44:01,"sample e-mail signature.doc","doc"
1279,1054,2571,2009-11-24 03:51:23,"invoice-1.xls","xls"
1280,1055,2572,2009-11-24 04:57:16,"Maqueta AireLimpio News.pdf","pdf"
1281,1028,2573,2009-11-24 09:46:28,"Proposition french catalogue 2010_2.pdf","pdf"
1282,1056,2585,2009-11-25 02:53:13,"0911 Rengo website.xls","xls"
1283,1057,2587,2009-11-25 03:45:30,"0910_UN-Global-Compact-Commitment-Letter.pdf","pdf"
1284,1051,2588,2009-11-25 05:27:58,"CommonwealthDay2009Reports.htm","htm"
1285,1058,2589,2009-11-25 07:18:47,"FAI-Website-Homepage.jpg","jpg"
1286,1059,2590,2009-11-25 10:57:33,"Presentación1.jpg","jpg"
1287,1060,2599,2009-11-26 11:12:40,"Profile of Merlintour Ltd for UN tender 2009.docx","docx"
1288,1060,2599,2009-11-26 11:12:40,"Profile of Merlintour Ltd for UN tender 2009 sampl","docx"
1289,1061,2600,2009-11-29 23:17:06,"sample page.doc","doc"
1290,1062,2601,2009-11-30 03:54:58,"website.bmp","bmp"
1291,1063,2602,2009-11-30 04:18:55,"Protechnique Capability Statment.pdf","pdf"
1292,1063,2602,2009-11-30 04:18:55,"Healthcare.pdf","pdf"
1293,1063,2602,2009-11-30 04:18:55,"Protechnique brochure.pdf","pdf"
1294,1064,2603,2009-11-30 05:09:12,"voeux2010.jpg","jpg"
1295,1065,2604,2009-11-30 14:14:33,"logo pacto mundial-1.JPG","jpg"
1296,1065,2604,2009-11-30 14:14:33,"logo pacto mundial-2.JPG","jpg"
1297,1065,2604,2009-11-30 14:14:33,"logo pacto mundial-3.JPG","jpg"
1298,1066,2608,2009-12-01 01:20:51,"Fujimoto GC website.pdf","pdf"
1299,1060,2609,2009-12-01 03:39:28,"2 Profile of Merlintour Ltd for UN tender 2009 sam","docx"
1300,1060,2610,2009-12-01 03:42:29,"3 sample logo.docx","docx"
1301,1023,2612,2009-12-01 05:49:36,"ResponsabilitÃ© Sociale et Environnementale.pdf","pdf"
1302,1067,2613,2009-12-01 08:59:52,"AGS-FW-India_expat_GC_opt2.jpg","jpg"
1303,1068,2624,2009-12-02 15:04:40,"Logo Lilly alta res.tif","tif"
1304,1069,2625,2009-12-03 03:13:57,"AGS-Group-final-layout_smlr.png","png"
1305,1070,2626,2009-12-03 03:34:12,"PUENTES INFRAESTRUCTURAS.pdf","pdf"
1306,1071,2627,2009-12-03 03:37:39,"2009_H1_H4_ol1203_2.pdf","pdf"
1307,1072,2628,2009-12-03 04:10:42,"AR_ENG_GC.jpg","jpg"
1308,1073,2645,2009-12-04 03:19:25,"Clipboard01.jpg","jpg"
1309,842,2646,2009-12-04 04:38:49,"steppen.jpg","jpg"
1310,738,2647,2009-12-04 04:39:09,"http___www.biochamm.com.pdf","pdf"
1311,1074,2648,2009-12-04 07:06:37,"Pakningslabel 2009-12-04.pdf","pdf"
1312,1075,2649,2009-12-04 08:08:11,"Sika Styleguide 091113.pdf","pdf"
1313,1075,2649,2009-12-04 08:08:11,"GlobalCompact.ppt","ppt"
1314,1076,2656,2009-12-05 12:21:51,"AXES MANAGEMENT.pdf","pdf"
1315,1077,2659,2009-12-08 02:26:04,"Asahi Shimbun1ï¼šlayout.doc","doc"
1316,1077,2659,2009-12-08 02:26:04,"Asahi Shimbun 2ï¼šThe text about which we suport G","doc"
1317,1078,2660,2009-12-08 04:35:33,"Positioning of UNGC logo.pages","pages"
1318,1079,2661,2009-12-08 08:23:06,"1.jpg","jpg"
1319,1080,2662,2009-12-08 08:57:59,"ALTRAN rapport GB.pdf","pdf"
1320,1081,2666,2009-12-08 11:42:45,"AGS FW Philippines_Flyer1_148x210mm_eng.pdf","pdf"
1321,1081,2666,2009-12-08 11:42:45,"AGS FW Philippines_Flyer2_148x210mm_eng.pdf","pdf"
1322,688,2667,2009-12-08 12:05:20,"AboutUs.JPG","JPG"
1323,1076,2668,2009-12-08 12:16:20,"streamer_model.pdf","pdf"
1324,1082,2669,2009-12-08 20:00:51,"Go-Green.jpg","jpg"
1325,1083,2670,2009-12-09 06:02:46,"Rengo Topics (eng.).doc","doc"
1326,1084,2671,2009-12-09 06:05:03,"Rengo banner (eng.).doc","doc"
1327,1085,2672,2009-12-09 09:04:43,"global compact logo.jpg","jpg"
1328,1086,2673,2009-12-09 10:49:20,"logo_pyramis Claire2.jpg","jpg"
1329,983,2674,2009-12-09 11:23:26,"AchillesCorporatePresentation-InternetAvailable.pp","pptx"
1330,1087,2677,2009-12-10 06:16:53,"01_about_us007.jpg","jpg"
1331,1088,2678,2009-12-10 07:26:13,"1.jpg","jpg"
1332,1089,2679,2009-12-10 10:07:31,"Newsletter template_(December 2009)_.pdf","pdf"
1333,1090,2680,2009-12-10 14:07:31,"VALPASA MARKET BOOK.doc","doc"
1334,1091,2681,2009-12-10 16:25:18,"Website RIO URUGUAY.jpg","jpg"
1335,1092,2682,2009-12-10 16:47:23,"Atlas_Cartilla_Balance_Social.ppt","ppt"
1336,1093,2683,2009-12-11 00:53:08,"Japanese edition 091210(E)GlobalCompactNotableCOP.","doc"
1337,1094,2684,2009-12-11 01:05:39,"091210(E)GlobalCompactNotableCOP.doc","doc"
1338,1095,2696,2009-12-11 10:49:47,"Positioning of UNGC logo.pdf","pdf"
1339,1096,2697,2009-12-12 09:34:26,"GAEF-digital-outreach-doc-partners.pdf","pdf"
1340,1096,2697,2009-12-12 09:34:26,"Picture 7.png","png"
1341,1082,2698,2009-12-13 21:20:55,"Rajawali Express Taxi 2009.bmp","bmp"
1342,1097,2701,2009-12-14 05:09:33,"Lindab_Life_1202.pdf","pdf"
1343,1098,2702,2009-12-14 10:52:28,"Divina Pastora - Memoria.pdf","pdf"
1344,1099,2703,2009-12-14 10:57:06,"Divina Pastora - Folleto.pdf","pdf"
1345,1100,2704,2009-12-14 16:15:55,"Press Room.tiff","tiff"
1346,1101,2706,2009-12-15 06:53:05,"ROMAGNOLE PACTO GLOBAL.mp3","mp3"
1347,1102,2707,2009-12-15 07:37:22,"Arte Pacto - Jornal Interno.jpg","jpg"
1348,1103,2708,2009-12-15 07:39:24,"Arte Pacto Joranl Externo.jpg","jpg"
1349,1104,2709,2009-12-15 10:30:52,"The Global Compact on Enablon website.doc","doc"
1350,1104,2709,2009-12-15 10:30:52,"The Global Compact on Enablon website 2.docx","docx"
1351,1105,2710,2009-12-15 11:42:54,"Sample Use of GlobalCompact Logo.ppt","ppt"
1352,1106,2721,2009-12-15 17:27:48,"Poster FINAMIGO.jpg","jpg"
1353,1107,2722,2009-12-15 22:29:20,"Calendario.jpg","jpg"
1354,1108,2723,2009-12-16 03:18:18,"A13 homepage with UNGC logo.doc","doc"
1355,1093,2724,2009-12-16 03:47:13,"NotableCOP2010Dec.pdf","pdf"
1356,1094,2725,2009-12-16 03:48:24,"NotableCOP2010Dec.pdf","pdf"
1357,1109,2726,2009-12-16 09:50:35,"UNGC, permission to use logo request.pdf","pdf"
1358,812,2738,2009-12-16 18:00:51,"web.jpg","jpg"
1359,1109,2740,2009-12-17 03:06:21,"UNGC, permission to use logo request.pdf","pdf"
1360,1110,2741,2009-12-17 04:24:31,"Logo request.docx","docx"
1361,1111,2742,2009-12-17 04:39:23,"Divina Pastora - Carta.pdf","pdf"
1362,1112,2743,2009-12-17 05:05:48,"zvit_KRU_v2_engl.PDF","pdf"
1363,1113,2764,2009-12-17 20:36:00,"imgGlobal.jpg","jpg"
1364,1114,2765,2009-12-18 03:12:24,"sample(blue_place).pdf","pdf"
1365,1115,2766,2009-12-18 05:40:02,"Web Fun Adecco.pdf","pdf"
1366,1116,2767,2009-12-18 05:41:12,"Memoria impresa Fun Adecco.pdf","pdf"
1367,1117,2768,2009-12-18 09:23:51,"Logo Request.pdf","pdf"
1368,1118,2770,2009-12-18 10:55:40,"RBC Note Proof.pdf","pdf"
1369,688,2771,2009-12-18 11:12:48,"AboutUs.JPG","JPG"
1370,1119,2772,2009-12-21 06:25:28,"web_page_we_suuport_gc_logo.JPG","jpg"
1371,1120,2773,2009-12-21 09:59:15,"GlobalCompact.2009.pdf","pdf"
1372,1121,2774,2009-12-21 10:16:27,"Sustainability.mht","mht"
1373,1122,2775,2009-12-22 02:29:21,"plaquette Executive 2009 with GC logo.pdf","pdf"
1374,1123,2776,2009-12-22 03:33:09,"UNGC_logorequest.docx","docx"
1375,1124,2777,2009-12-22 06:28:17,"Descrição Responsabilidade Social - IMFORMAÇÕES PA","doc"
1376,1125,2778,2009-12-22 08:59:25,"BPS Global Compact preview.jpg","jpg"
1377,1126,2779,2009-12-22 11:27:57,"use of the global compact logo on the company's we","pdf"
1378,1126,2779,2009-12-22 11:27:57,"use of the global compact logo on the company's Co","pdf"
1379,1127,2780,2009-12-22 11:39:11,"use of the global compact logo on the company's we","pdf"
1380,1113,2798,2009-12-22 20:38:38,"maqueta_principal-web.jpg","jpg"
1381,1128,2799,2009-12-23 02:09:46,"000001.jpg","jpg"
1382,1128,2799,2009-12-23 02:09:46,"000002.jpg","jpg"
1383,1121,2801,2009-12-23 06:04:36,"SW_EK_Broschuere_2010_K8.pdf","pdf"
1384,1124,2802,2009-12-23 07:10:23,"Descrição Responsabilidade Social - IMFORMAÇÕES PA","doc"
1385,1129,2803,2009-12-23 07:45:31,"Web Home.pdf","pdf"
1386,1130,2804,2009-12-23 07:47:48,"Intranet Home.pdf","pdf"
1387,1131,2805,2009-12-23 07:55:39,"Magazine page.pdf","pdf"
1388,1132,2806,2009-12-23 07:57:40,"Paper letter.pdf","pdf"
1389,1133,2809,2009-12-23 16:30:47,"Logo_Request_1.png","png"
1390,1114,2815,2009-12-23 19:29:09,"GC-LOGO_location.pdf","pdf"
1391,1134,2821,2009-12-28 01:01:17,"GC.Mark for environment reportdoc.doc","doc"
1392,1135,2822,2009-12-28 10:22:26,"groupe cella developpement durable.jpg","jpg"
